product_id,product_title,rating,summary,review
SON17955,Sony Printer Plus,1,Good,The Vivo Smartphone offers dual camera and superb value for money.
ONE80525,OnePlus Smartphone Edge,1,Good,One of the best Nikon Refrigerator I’ve ever used.
HP 88878,HP Omen Smartphone Edge,1,Excellent,The Itel Printer offers Bluetooth and superb value for money.
HON51355,Honor Printer Lite,4,Terrific purchase,Very durable and efficient. Love the water resistant.
BOU99722,Boult Washing Machine Max,4,Good,One of the best Itel Monitor I’ve ever used.
CAN40263,Canon Speaker X,5,Good,Highly recommend this Smartwatch if you need noise cancelling.
MSI34612,MSI Camera Lite,5,Poor,The Noise Smartphone offers fast charging and superb value for money.
JBL50569,JBL Projector Max,4,Poor,Highly recommend this Earbuds if you need dual camera.
HIS92860,Hisense Monitor Max,3,Poor,One of the best HyperX Smartwatch I’ve ever used.
REA93771,realme Earbuds X,5,Poor,"Amazing Gaming Console from Hisense, great performance and design."
PHI70290,Philips Earbuds Edge,1,Poor,"Amazing Smartwatch from Logitech, great performance and design."
AMA92029,AmazonBasics Earbuds Prime,4,Poor,The Hisense Headphones offers smart assistant and superb value for money.
ASU72603,Asus Smartwatch Ultra,2,Good,"Amazing Refrigerator from Acer, great performance and design."
SON56472,Sony Tablet Pro,1,Excellent,Highly recommend this Tablet if you need long battery life.
LEN54693,Lenovo Smartwatch X,2,Excellent,One of the best Apple Earbuds I’ve ever used.
PAN71557,Panasonic Smartphone Plus,2,Good,"Amazing Headphones from Itel, great performance and design."
ONE68826,OnePlus Speaker Prime,5,Good,"Amazing Headphones from Zebronics, great performance and design."
PAN45191,Panasonic Projector X,5,Terrific purchase,Highly recommend this Air Conditioner if you need smart assistant.
VOL95503,Voltas Gaming Console X,4,Average,One of the best JBL Monitor I’ve ever used.
ZEB49664,Zebronics TV Edge,2,Terrific purchase,The Dell Tablet offers Bluetooth and superb value for money.
MI56481,Mi Washing Machine Go,5,Good,One of the best Samsung Camera I’ve ever used.
LAV43334,Lava TV Lite,4,Average,One of the best Havells Projector I’ve ever used.
TOS25246,Toshiba Washing Machine Pro,5,Terrific purchase,One of the best Nikon Headphones I’ve ever used.
OPP40195,Oppo TV Ultra,1,Good,Highly recommend this Air Conditioner if you need long battery life.
TOS65372,Toshiba Printer Elite,4,Terrific purchase,The iQOO Headphones offers noise cancelling and superb value for money.
DEL75576,Dell Printer Lite,1,Average,The Philips Monitor offers 4K UHD and superb value for money.
XIA90857,Xiaomi Earbuds Edge,3,Average,Highly recommend this Printer if you need wireless.
SON15254,Sony Air Conditioner Ultra,2,Good,One of the best HP Tablet I’ve ever used.
DEL69297,Dell Smartwatch Elite,5,Average,"Amazing Air Conditioner from Dell, great performance and design."
HYP14123,HyperX Gaming Console Prime,3,Poor,One of the best TCL Camera I’ve ever used.
PHI52670,Philips Monitor Lite,1,Terrific purchase,One of the best Infinix Air Conditioner I’ve ever used.
DEL81688,Dell Projector Prime,5,Poor,Highly recommend this Projector if you need smart assistant.
ONE19546,OnePlus Printer Edge,1,Excellent,One of the best NoiseFit Headphones I’ve ever used.
BOU66366,Boult Headphones Go,1,Good,"Amazing TV from Lenovo, great performance and design."
APP85377,Apple Camera Lite,1,Poor,"Amazing TV from Asus, great performance and design."
NOI89102,Noise Washing Machine Plus,1,Terrific purchase,The Syska Projector offers 4K UHD and superb value for money.
GOD42048,Godrej Printer X,1,Terrific purchase,Highly recommend this Refrigerator if you need smart assistant.
BOA59026,boAt Tablet Edge,4,Terrific purchase,One of the best Godrej Camera I’ve ever used.
HON30951,Honor Headphones Edge,5,Excellent,One of the best CrossBeats Air Conditioner I’ve ever used.
HP56558,HP Headphones Go,1,Terrific purchase,"Amazing Washing Machine from HP Omen, great performance and design."
NOI79761,Noise Camera Plus,4,Good,"Amazing Air Conditioner from Philips, great performance and design."
HIS22701,Hisense Earbuds Ultra,5,Excellent,One of the best HP Omen Speaker I’ve ever used.
REA93732,Realwear Laptop Lite,5,Terrific purchase,"Amazing Refrigerator from Panasonic, great performance and design."
HAV79534,Havells Monitor Max,5,Average,One of the best Itel Speaker I’ve ever used.
SON67581,Sony Headphones Go,4,Poor,One of the best AmazonBasics Smartphone I’ve ever used.
HON59869,Honor Laptop Prime,3,Poor,Highly recommend this Projector if you need smart assistant.
ACE45003,Acer Refrigerator Go,2,Good,Very durable and efficient. Love the Bluetooth.
ZEB55392,Zebronics Monitor Prime,2,Terrific purchase,"Amazing Gaming Console from Fire-Boltt, great performance and design."
PAN35344,Panasonic Projector Go,1,Average,The TCL Camera offers smart assistant and superb value for money.
NOK89027,Nokia Laptop Max,2,Terrific purchase,The POCO Headphones offers noise cancelling and superb value for money.
VOL73403,Voltas Gaming Console Prime,1,Good,"Amazing Earbuds from Asus, great performance and design."
CRO60062,CrossBeats Camera Elite,4,Good,"Amazing Monitor from Voltas, great performance and design."
DEL12811,Dell Alienware Camera X,3,Average,Very durable and efficient. Love the Bluetooth.
TEC53215,Tecno Refrigerator Ultra,5,Excellent,Very durable and efficient. Love the wireless.
TEC25028,Tecno Washing Machine Ultra,3,Good,"Amazing Camera from BlueStar, great performance and design."
CAN16430,Canon Monitor Go,1,Poor,The OnePlus Monitor offers touch control and superb value for money.
ACE85597,Acer Speaker Go,4,Poor,Highly recommend this Gaming Console if you need long battery life.
FUJ25954,Fujifilm Washing Machine Plus,3,Terrific purchase,One of the best Sony Speaker I’ve ever used.
HYP72421,HyperX Smartphone Ultra,2,Poor,One of the best Itel Camera I’ve ever used.
ASU80566,Asus Camera Plus,2,Terrific purchase,One of the best Oppo Printer I’ve ever used.
BOU48310,Boult TV Max,1,Good,Very durable and efficient. Love the fast charging.
VOL75560,Voltas Printer Ultra,4,Terrific purchase,One of the best Lenovo Gaming Console I’ve ever used.
HAV31277,Havells Projector Prime,3,Excellent,"Amazing Headphones from Godrej, great performance and design."
NIK80728,Nikon Smartwatch Edge,1,Excellent,"Amazing Projector from HyperX, great performance and design."
PAN14167,Panasonic Washing Machine Max,4,Poor,The Philips Washing Machine offers smart assistant and superb value for money.
LG30012,LG Gaming Console Edge,1,Terrific purchase,The boAt Projector offers smart assistant and superb value for money.
IQO34941,iQOO Air Conditioner Elite,4,Average,"Amazing Projector from Fire-Boltt, great performance and design."
GOO66009,Google Refrigerator Go,3,Average,One of the best Philips Smartwatch I’ve ever used.
FUJ66995,Fujifilm TV Max,5,Average,Highly recommend this Air Conditioner if you need fast charging.
HAI64681,Haier Smartphone Ultra,5,Poor,Highly recommend this Smartphone if you need water resistant.
NOK66111,Nokia Laptop Max,5,Excellent,The Philips Printer offers wireless and superb value for money.
PHI67398,Philips Smartwatch Ultra,3,Excellent,Very durable and efficient. Love the noise cancelling.
VIV67183,Vivo Speaker Elite,2,Poor,The Vivo Headphones offers fast charging and superb value for money.
FIR49761,Fire-Boltt Gaming Console Prime,3,Poor,Very durable and efficient. Love the fast charging.
HIS62495,Hisense Earbuds X,4,Excellent,Highly recommend this Speaker if you need smart assistant.
MOT44037,Motorola Smartwatch Plus,5,Excellent,The NoiseFit TV offers water resistant and superb value for money.
TEC13277,Tecno Speaker Ultra,2,Good,One of the best JBL Smartphone I’ve ever used.
INF32940,Infinix Tablet X,3,Excellent,One of the best Noise Camera I’ve ever used.
ITE35660,Itel Camera Max,3,Terrific purchase,"Amazing Air Conditioner from Motorola, great performance and design."
REA21718,realme Gaming Console Prime,1,Poor,Very durable and efficient. Love the touch control.
PHI37165,Philips Monitor Pro,1,Average,Highly recommend this Laptop if you need touch control.
CAN70912,Canon Laptop Go,2,Average,The HP Speaker offers water resistant and superb value for money.
MOT34599,Motorola Gaming Console Plus,5,Average,Highly recommend this Washing Machine if you need wireless.
MI93950,Mi Smartphone Plus,5,Excellent,One of the best Noise Earbuds I’ve ever used.
JBL74223,JBL Refrigerator Max,2,Average,The TCL TV offers 4K UHD and superb value for money.
SON66791,Sony Smartwatch Edge,3,Poor,Highly recommend this Monitor if you need OLED display.
PAN82161,Panasonic TV Go,5,Poor,"Amazing Projector from Whirlpool, great performance and design."
NIK97141,Nikon Smartphone Pro,2,Good,"Amazing Projector from MSI, great performance and design."
HON23696,Honor Headphones Edge,2,Terrific purchase,"Amazing Projector from CrossBeats, great performance and design."
HAV60714,Havells Tablet Ultra,4,Poor,The Canon Gaming Console offers noise cancelling and superb value for money.
POC83356,POCO Monitor Max,3,Good,Very durable and efficient. Love the dual camera.
SON67794,Sony Laptop Lite,4,Average,"Amazing Tablet from Havells, great performance and design."
HON46095,Honor Printer Plus,4,Good,"Amazing Refrigerator from Motorola, great performance and design."
ZEB69955,Zebronics Tablet Pro,1,Poor,Highly recommend this Washing Machine if you need dual camera.
LG77017,LG Gaming Console Edge,5,Good,Very durable and efficient. Love the OLED display.
DEL35676,Dell Alienware Speaker Prime,1,Terrific purchase,Highly recommend this Monitor if you need touch control.
REA48700,Realwear Projector Lite,5,Terrific purchase,"Amazing TV from Havells, great performance and design."
JBL96095,JBL Speaker Prime,3,Good,The Voltas TV offers wireless and superb value for money.
BOU78780,Boult Smartphone Pro,3,Good,Very durable and efficient. Love the touch control.
VIV97897,Vivo Gaming Console Edge,4,Excellent,Very durable and efficient. Love the fast charging.
LAV37989,Lava Printer Plus,3,Good,Very durable and efficient. Love the long battery life.
HYP50232,HyperX Laptop Go,4,Poor,Highly recommend this Printer if you need 4K UHD.
XIA43524,Xiaomi Smartphone Ultra,1,Good,One of the best Lava Laptop I’ve ever used.
NOI27564,NoiseFit Laptop Prime,5,Excellent,Very durable and efficient. Love the Bluetooth.
LAV41256,Lava Earbuds Edge,5,Excellent,"Amazing Gaming Console from Panasonic, great performance and design."
PHI42836,Philips Monitor Ultra,5,Good,Very durable and efficient. Love the fast charging.
CAN16724,Canon Printer Lite,5,Excellent,Highly recommend this Laptop if you need noise cancelling.
GOO21449,Google Earbuds Ultra,5,Excellent,"Amazing Smartphone from Zebronics, great performance and design."
LG11776,LG Smartwatch Elite,3,Average,Very durable and efficient. Love the Bluetooth.
ONE20887,OnePlus Smartphone X,5,Good,One of the best BlueStar Speaker I’ve ever used.
REA58450,realme Air Conditioner Lite,3,Average,One of the best Fire-Boltt Monitor I’ve ever used.
DEL65540,Dell Alienware Washing Machine Ultra,1,Good,Highly recommend this TV if you need touch control.
DEL20077,Dell Alienware Laptop Ultra,5,Average,Highly recommend this Smartwatch if you need long battery life.
KEN43645,Kent Smartphone Ultra,2,Poor,Highly recommend this Projector if you need touch control.
AMA97322,AmazonBasics Gaming Console Edge,2,Poor,The Boult Headphones offers OLED display and superb value for money.
HAI71216,Haier Smartphone Lite,3,Terrific purchase,Very durable and efficient. Love the OLED display.
DEL33519,Dell Printer Plus,3,Terrific purchase,The Motorola Monitor offers dual camera and superb value for money.
ITE53423,Itel Smartphone Elite,3,Average,The Nokia Monitor offers smart assistant and superb value for money.
MSI96199,MSI Refrigerator X,2,Terrific purchase,Highly recommend this Tablet if you need touch control.
COR40799,Corsair Air Conditioner X,2,Average,One of the best Realwear Air Conditioner I’ve ever used.
LOG13387,Logitech Projector Pro,4,Poor,Highly recommend this Headphones if you need smart assistant.
BOU17061,Boult Camera Ultra,1,Average,Very durable and efficient. Love the Bluetooth.
CAN89712,Canon Laptop Edge,4,Poor,The Syska Projector offers long battery life and superb value for money.
LEN71708,Lenovo Gaming Console Max,5,Poor,Highly recommend this Air Conditioner if you need long battery life.
ASU80140,Asus Smartphone Lite,4,Poor,Highly recommend this Monitor if you need OLED display.
LOG12042,Logitech Washing Machine Max,3,Excellent,The MSI Monitor offers long battery life and superb value for money.
CRO60384,CrossBeats Smartphone Plus,2,Excellent,The Zebronics Projector offers water resistant and superb value for money.
PAN68177,Panasonic Speaker Max,3,Poor,Very durable and efficient. Love the touch control.
GOO14047,Google Headphones Edge,3,Poor,Very durable and efficient. Love the touch control.
TCL56796,TCL Camera Max,5,Excellent,One of the best MSI Refrigerator I’ve ever used.
NOI59258,NoiseFit Earbuds Elite,1,Poor,One of the best AmazonBasics Monitor I’ve ever used.
JBL37711,JBL Smartphone Edge,5,Excellent,Highly recommend this Monitor if you need fast charging.
WHI19772,Whirlpool TV Plus,4,Terrific purchase,"Amazing Tablet from realme, great performance and design."
SON45686,Sony Tablet Lite,1,Poor,One of the best Logitech Smartphone I’ve ever used.
PHI25734,Philips TV Lite,3,Excellent,Very durable and efficient. Love the dual camera.
LEN79684,Lenovo Smartphone Max,5,Poor,Highly recommend this Smartphone if you need water resistant.
HYP54989,HyperX Headphones Pro,3,Terrific purchase,Highly recommend this Headphones if you need touch control.
TCL41004,TCL Printer Max,1,Terrific purchase,The realme TV offers Bluetooth and superb value for money.
KEN37870,Kent Tablet X,1,Terrific purchase,The Zebronics Air Conditioner offers water resistant and superb value for money.
MSI53785,MSI Smartphone Ultra,4,Terrific purchase,Very durable and efficient. Love the fast charging.
LG61863,LG Air Conditioner Plus,2,Average,Highly recommend this Smartphone if you need touch control.
HYP54253,HyperX Speaker X,4,Poor,Highly recommend this Headphones if you need smart assistant.
POC78013,POCO Gaming Console Prime,1,Good,"Amazing TV from Itel, great performance and design."
COR66244,Corsair Air Conditioner Pro,2,Excellent,"Amazing Washing Machine from Sony, great performance and design."
HON37945,Honor Smartwatch Pro,2,Excellent,One of the best Nokia Refrigerator I’ve ever used.
MSI35498,MSI Camera Edge,1,Excellent,Very durable and efficient. Love the smart assistant.
NOI13528,NoiseFit TV Pro,3,Poor,Very durable and efficient. Love the Bluetooth.
OPP39338,Oppo Headphones Max,3,Good,Highly recommend this Monitor if you need touch control.
OPP92543,Oppo Air Conditioner Ultra,1,Poor,One of the best Fire-Boltt Washing Machine I’ve ever used.
BOA86615,boAt Projector Edge,3,Average,Very durable and efficient. Love the dual camera.
SAM65164,Samsung Refrigerator Max,4,Terrific purchase,The OnePlus Smartwatch offers OLED display and superb value for money.
CRO51161,CrossBeats Laptop Plus,1,Terrific purchase,Very durable and efficient. Love the smart assistant.
GOD96574,Godrej Refrigerator Prime,5,Poor,Highly recommend this Laptop if you need touch control.
HYP68877,HyperX Laptop X,1,Average,One of the best Itel Monitor I’ve ever used.
MSI19861,MSI Projector Prime,2,Poor,"Amazing Laptop from Asus, great performance and design."
HP 11541,HP Omen TV Max,4,Good,Very durable and efficient. Love the wireless.
HYP41160,HyperX Smartphone Go,1,Average,The Samsung Laptop offers long battery life and superb value for money.
GOO11954,Google Air Conditioner Edge,1,Good,Highly recommend this Laptop if you need wireless.
DEL44967,Dell Gaming Console Edge,3,Average,The Tecno Washing Machine offers 4K UHD and superb value for money.
CAN23844,Canon Washing Machine X,1,Excellent,Very durable and efficient. Love the wireless.
XIA72212,Xiaomi Printer Lite,5,Good,Highly recommend this Air Conditioner if you need touch control.
KEN78978,Kent Gaming Console Max,4,Excellent,"Amazing Tablet from Hisense, great performance and design."
NOK67286,Nokia Earbuds Edge,5,Good,Highly recommend this Printer if you need water resistant.
CAN58613,Canon Refrigerator Prime,1,Poor,One of the best Canon Laptop I’ve ever used.
MSI76712,MSI Camera Lite,2,Average,The Xiaomi Camera offers touch control and superb value for money.
CAN78952,Canon Refrigerator Ultra,3,Poor,One of the best Zebronics Monitor I’ve ever used.
INF86879,Infinix Camera Go,2,Average,Highly recommend this TV if you need smart assistant.
LG91506,LG Projector Ultra,1,Terrific purchase,One of the best Realwear Gaming Console I’ve ever used.
SYS70251,Syska Refrigerator Edge,1,Excellent,One of the best BlueStar Earbuds I’ve ever used.
ASU28196,Asus Speaker Edge,5,Terrific purchase,Highly recommend this Monitor if you need touch control.
VIV64241,Vivo Refrigerator Plus,2,Good,Very durable and efficient. Love the smart assistant.
SAM89738,Samsung Earbuds X,3,Poor,"Amazing Monitor from Godrej, great performance and design."
FUJ38009,Fujifilm Headphones Prime,2,Poor,"Amazing Air Conditioner from Philips, great performance and design."
MOT43143,Motorola Washing Machine Ultra,5,Poor,Very durable and efficient. Love the touch control.
REA89077,realme Speaker Edge,3,Excellent,Highly recommend this Smartphone if you need dual camera.
FIR35930,Fire-Boltt Monitor Ultra,2,Good,"Amazing Camera from Itel, great performance and design."
GOD74271,Godrej Earbuds Plus,3,Excellent,One of the best Noise Laptop I’ve ever used.
NOI83723,NoiseFit Gaming Console Prime,2,Terrific purchase,Highly recommend this Smartphone if you need dual camera.
MSI62467,MSI Earbuds Elite,5,Average,Very durable and efficient. Love the wireless.
ITE17464,Itel Laptop Edge,1,Terrific purchase,The HyperX Headphones offers noise cancelling and superb value for money.
KEN66757,Kent Printer Pro,5,Excellent,The Noise Refrigerator offers long battery life and superb value for money.
POC36518,POCO Speaker Lite,1,Average,One of the best Philips Washing Machine I’ve ever used.
BOU41310,Boult Laptop Edge,2,Poor,One of the best HP Monitor I’ve ever used.
ASU60315,Asus Headphones Plus,2,Poor,"Amazing Smartphone from POCO, great performance and design."
LG14372,LG Refrigerator Elite,5,Excellent,Highly recommend this Headphones if you need fast charging.
HAV28145,Havells Smartphone X,5,Terrific purchase,"Amazing Earbuds from Infinix, great performance and design."
NOK74332,Nokia Tablet Edge,2,Poor,Very durable and efficient. Love the OLED display.
MOT59279,Motorola TV Max,5,Good,One of the best Acer Headphones I’ve ever used.
FIR25850,Fire-Boltt Tablet Ultra,1,Good,Highly recommend this Earbuds if you need smart assistant.
OPP84844,Oppo Monitor Go,1,Average,Highly recommend this Smartwatch if you need fast charging.
HP 75445,HP Omen TV Max,4,Excellent,Highly recommend this Laptop if you need OLED display.
APP64873,Apple Camera Max,1,Average,One of the best Mi Camera I’ve ever used.
HON27738,Honor Smartwatch X,1,Excellent,Highly recommend this Projector if you need water resistant.
ACE65610,Acer Tablet Max,2,Average,Very durable and efficient. Love the Bluetooth.
SON36530,Sony Tablet Go,3,Good,Highly recommend this Tablet if you need noise cancelling.
LAV15566,Lava Gaming Console Lite,1,Terrific purchase,One of the best POCO Smartphone I’ve ever used.
DEL81640,Dell Projector Lite,3,Poor,The Voltas Monitor offers touch control and superb value for money.
POC93937,POCO Smartwatch Elite,5,Excellent,"Amazing Refrigerator from Boult, great performance and design."
VIV89817,Vivo Gaming Console Edge,1,Poor,Highly recommend this Refrigerator if you need Bluetooth.
LAV89712,Lava Printer Pro,3,Terrific purchase,Very durable and efficient. Love the 4K UHD.
BOU63114,Boult Headphones Ultra,3,Excellent,The CrossBeats Smartphone offers smart assistant and superb value for money.
LEN25909,Lenovo Laptop Go,3,Poor,One of the best LG Printer I’ve ever used.
BOA23643,boAt TV Max,2,Excellent,Highly recommend this Projector if you need OLED display.
LOG44150,Logitech Earbuds Prime,3,Poor,One of the best HyperX TV I’ve ever used.
ACE29696,Acer Refrigerator Go,1,Poor,"Amazing Speaker from Fire-Boltt, great performance and design."
HAI22264,Haier Projector Prime,4,Excellent,Highly recommend this Tablet if you need fast charging.
BOA40361,boAt TV Ultra,1,Excellent,Very durable and efficient. Love the smart assistant.
XIA91641,Xiaomi TV Pro,5,Poor,Very durable and efficient. Love the long battery life.
DEL51194,Dell Alienware Printer Elite,2,Good,The Panasonic Earbuds offers Bluetooth and superb value for money.
HAI76295,Haier Gaming Console Ultra,3,Poor,Highly recommend this Speaker if you need noise cancelling.
MOT76043,Motorola TV Elite,2,Good,The iQOO Refrigerator offers touch control and superb value for money.
COR13439,Corsair Laptop Prime,4,Good,One of the best Infinix Air Conditioner I’ve ever used.
JBL85254,JBL TV Edge,3,Poor,Highly recommend this Printer if you need dual camera.
ASU82694,Asus Smartwatch Plus,1,Terrific purchase,The Panasonic Washing Machine offers fast charging and superb value for money.
REA68351,realme Camera Go,5,Poor,Very durable and efficient. Love the smart assistant.
REA42195,realme Refrigerator X,4,Average,Very durable and efficient. Love the wireless.
XIA94128,Xiaomi TV Elite,5,Terrific purchase,Very durable and efficient. Love the long battery life.
TEC58590,Tecno Gaming Console X,1,Excellent,The Canon Smartphone offers noise cancelling and superb value for money.
NOK22691,Nokia Earbuds Elite,3,Good,The Mi Smartwatch offers wireless and superb value for money.
HP75909,HP Headphones Plus,3,Good,One of the best Godrej Printer I’ve ever used.
GOO92678,Google Earbuds Ultra,3,Poor,One of the best iQOO Refrigerator I’ve ever used.
POC27638,POCO Smartphone X,4,Excellent,"Amazing Projector from Hisense, great performance and design."
LOG67186,Logitech Monitor Go,2,Excellent,One of the best Nikon Smartphone I’ve ever used.
XIA36159,Xiaomi Laptop Prime,5,Average,Very durable and efficient. Love the water resistant.
CAN34319,Canon Smartwatch Prime,3,Terrific purchase,Very durable and efficient. Love the water resistant.
DEL28153,Dell Alienware Tablet Lite,4,Terrific purchase,Highly recommend this Tablet if you need smart assistant.
VIV44049,Vivo Smartwatch Elite,1,Poor,The Google Gaming Console offers 4K UHD and superb value for money.
FIR99321,Fire-Boltt Monitor Max,3,Average,"Amazing Projector from Vivo, great performance and design."
HIS42705,Hisense Smartphone Plus,3,Good,Highly recommend this Monitor if you need touch control.
REA18451,Realwear Printer Edge,5,Poor,"Amazing Smartphone from Tecno, great performance and design."
NOI10218,NoiseFit Air Conditioner Edge,1,Poor,Highly recommend this Monitor if you need smart assistant.
HAI89407,Haier Smartphone Pro,1,Poor,"Amazing Refrigerator from LG, great performance and design."
ASU68338,Asus Gaming Console Go,1,Terrific purchase,Highly recommend this Earbuds if you need smart assistant.
LEN83151,Lenovo TV Elite,5,Average,"Amazing Monitor from Asus, great performance and design."
DEL34022,Dell Alienware Gaming Console Lite,2,Excellent,Highly recommend this Projector if you need smart assistant.
MSI69807,MSI TV Lite,5,Excellent,Highly recommend this Gaming Console if you need dual camera.
MI56012,Mi Speaker Edge,2,Excellent,The Zebronics Refrigerator offers water resistant and superb value for money.
HIS61741,Hisense Headphones X,5,Poor,One of the best BlueStar Smartphone I’ve ever used.
DEL33086,Dell Refrigerator Go,1,Poor,Highly recommend this Refrigerator if you need touch control.
KEN70214,Kent Headphones Go,1,Average,The Boult Smartphone offers touch control and superb value for money.
ITE69775,Itel Monitor Elite,2,Terrific purchase,"Amazing Monitor from Lava, great performance and design."
DEL32879,Dell Alienware Gaming Console Max,3,Terrific purchase,Very durable and efficient. Love the noise cancelling.
LG86350,LG Headphones Lite,5,Excellent,One of the best Kent Tablet I’ve ever used.
GOO92131,Google Earbuds Pro,4,Poor,The Haier Gaming Console offers dual camera and superb value for money.
HYP28725,HyperX Tablet Ultra,2,Average,Highly recommend this Earbuds if you need wireless.
GOD19356,Godrej Earbuds Plus,2,Excellent,Very durable and efficient. Love the dual camera.
DEL21407,Dell Alienware Gaming Console Ultra,2,Good,"Amazing Projector from Panasonic, great performance and design."
CAN80380,Canon Tablet X,3,Average,Very durable and efficient. Love the water resistant.
PHI36743,Philips Projector Edge,5,Excellent,Highly recommend this Headphones if you need water resistant.
NIK99985,Nikon Smartwatch Edge,3,Excellent,The Zebronics Earbuds offers long battery life and superb value for money.
BOU47018,Boult Speaker Max,4,Terrific purchase,"Amazing Headphones from Google, great performance and design."
LEN13687,Lenovo Earbuds Max,1,Average,"Amazing Air Conditioner from Hisense, great performance and design."
REA95839,realme Camera Go,2,Poor,Very durable and efficient. Love the long battery life.
VIV63281,Vivo Earbuds Go,1,Terrific purchase,The Acer Smartphone offers touch control and superb value for money.
TCL21615,TCL Refrigerator Plus,1,Poor,"Amazing Laptop from Haier, great performance and design."
VOL22507,Voltas Printer Prime,2,Good,"Amazing Monitor from Boult, great performance and design."
REA22081,realme Gaming Console X,2,Terrific purchase,The Mi Speaker offers wireless and superb value for money.
KEN79073,Kent Washing Machine Go,4,Terrific purchase,Highly recommend this Refrigerator if you need noise cancelling.
PAN23426,Panasonic TV Ultra,4,Terrific purchase,"Amazing Refrigerator from Nikon, great performance and design."
KEN86848,Kent Speaker Elite,2,Terrific purchase,Highly recommend this Smartphone if you need touch control.
POC78813,POCO Laptop Elite,3,Average,The Sony Earbuds offers 4K UHD and superb value for money.
HON82057,Honor Washing Machine Lite,2,Average,Highly recommend this Monitor if you need touch control.
ACE74944,Acer Headphones X,4,Terrific purchase,One of the best Vivo Laptop I’ve ever used.
BLU22892,BlueStar Projector Plus,1,Average,Very durable and efficient. Love the wireless.
IQO42930,iQOO Tablet Prime,5,Terrific purchase,Highly recommend this Washing Machine if you need touch control.
ZEB23580,Zebronics Monitor Plus,2,Terrific purchase,"Amazing Headphones from JBL, great performance and design."
MI59021,Mi Headphones X,4,Good,Very durable and efficient. Love the OLED display.
MI93557,Mi Headphones X,4,Poor,One of the best Zebronics Smartwatch I’ve ever used.
XIA18685,Xiaomi TV Prime,5,Terrific purchase,The Voltas Tablet offers 4K UHD and superb value for money.
SAM12695,Samsung Washing Machine Lite,3,Excellent,The NoiseFit Headphones offers noise cancelling and superb value for money.
ZEB11499,Zebronics Monitor Elite,2,Average,The NoiseFit Headphones offers touch control and superb value for money.
JBL40782,JBL Gaming Console Pro,1,Excellent,One of the best MSI Camera I’ve ever used.
PAN14395,Panasonic Tablet Lite,5,Excellent,Highly recommend this Washing Machine if you need touch control.
HIS72810,Hisense Washing Machine Pro,1,Average,"Amazing Washing Machine from boAt, great performance and design."
FIR14989,Fire-Boltt Headphones Edge,5,Average,Very durable and efficient. Love the OLED display.
ACE25778,Acer Headphones Prime,5,Poor,One of the best OnePlus Headphones I’ve ever used.
COR17898,Corsair Printer X,1,Average,Very durable and efficient. Love the touch control.
VOL70792,Voltas Gaming Console Max,5,Excellent,The Toshiba Headphones offers 4K UHD and superb value for money.
TCL25835,TCL Earbuds Pro,2,Terrific purchase,The BlueStar Refrigerator offers Bluetooth and superb value for money.
WHI71587,Whirlpool Washing Machine Prime,2,Good,Very durable and efficient. Love the smart assistant.
XIA67567,Xiaomi Projector Prime,1,Good,The Apple Speaker offers long battery life and superb value for money.
NOI14515,NoiseFit Earbuds Ultra,5,Terrific purchase,Very durable and efficient. Love the dual camera.
REA44567,realme Air Conditioner Lite,1,Poor,Very durable and efficient. Love the Bluetooth.
LG48161,LG Tablet Prime,3,Average,One of the best boAt Washing Machine I’ve ever used.
ITE37984,Itel TV Edge,2,Excellent,Highly recommend this Headphones if you need noise cancelling.
PAN64939,Panasonic Camera Plus,4,Good,The Philips Printer offers Bluetooth and superb value for money.
HP86595,HP Headphones X,5,Good,Highly recommend this TV if you need smart assistant.
LG97405,LG Tablet Plus,3,Good,"Amazing Gaming Console from Fire-Boltt, great performance and design."
LEN18844,Lenovo Projector Ultra,3,Terrific purchase,"Amazing Air Conditioner from Philips, great performance and design."
MOT81670,Motorola Monitor Edge,3,Average,Highly recommend this Speaker if you need long battery life.
GOO86502,Google Refrigerator Elite,1,Poor,Highly recommend this Smartphone if you need water resistant.
DEL27078,Dell Refrigerator Plus,5,Poor,"Amazing Refrigerator from Philips, great performance and design."
ZEB83500,Zebronics Smartphone Edge,4,Average,Highly recommend this Laptop if you need long battery life.
LAV15175,Lava TV Prime,5,Excellent,"Amazing Printer from Syska, great performance and design."
TEC76332,Tecno Refrigerator Prime,4,Good,Highly recommend this Smartphone if you need touch control.
SAM41983,Samsung Projector X,4,Excellent,Very durable and efficient. Love the Bluetooth.
PAN42234,Panasonic TV Pro,4,Excellent,Highly recommend this Projector if you need touch control.
CRO79424,CrossBeats Refrigerator X,3,Good,"Amazing Smartphone from boAt, great performance and design."
GOD41533,Godrej Earbuds Lite,5,Excellent,Highly recommend this Air Conditioner if you need OLED display.
TCL19057,TCL Smartwatch Lite,2,Excellent,Very durable and efficient. Love the water resistant.
HAI76248,Haier Camera X,4,Terrific purchase,The Lenovo TV offers smart assistant and superb value for money.
GOD21176,Godrej Camera Ultra,4,Poor,Very durable and efficient. Love the dual camera.
APP78927,Apple Camera X,4,Average,Very durable and efficient. Love the wireless.
NOI39957,NoiseFit Washing Machine Pro,2,Average,"Amazing Washing Machine from realme, great performance and design."
SON83016,Sony Smartwatch Edge,1,Excellent,The Boult Monitor offers touch control and superb value for money.
BOA71480,boAt Air Conditioner Prime,4,Average,The iQOO TV offers wireless and superb value for money.
REA35393,Realwear Gaming Console Prime,4,Good,"Amazing Smartphone from Infinix, great performance and design."
BOA97978,boAt Gaming Console X,4,Good,Highly recommend this Tablet if you need touch control.
XIA33835,Xiaomi TV Max,1,Average,Very durable and efficient. Love the dual camera.
NOI77536,Noise Speaker Plus,3,Average,Highly recommend this Monitor if you need water resistant.
XIA29462,Xiaomi Smartphone X,3,Terrific purchase,Very durable and efficient. Love the fast charging.
HIS32974,Hisense Printer Prime,5,Excellent,The Corsair Earbuds offers smart assistant and superb value for money.
NOK39847,Nokia Printer Lite,1,Poor,The Samsung Camera offers fast charging and superb value for money.
HON34708,Honor Speaker Elite,5,Good,Highly recommend this Refrigerator if you need fast charging.
POC76940,POCO Tablet Elite,2,Excellent,One of the best NoiseFit Headphones I’ve ever used.
HAI58907,Haier Smartphone Elite,1,Average,"Amazing Speaker from MSI, great performance and design."
ASU36256,Asus Monitor X,3,Average,Highly recommend this Smartphone if you need long battery life.
REA30712,realme Air Conditioner Go,4,Average,"Amazing TV from Godrej, great performance and design."
PAN61554,Panasonic Air Conditioner X,1,Terrific purchase,One of the best Nikon Refrigerator I’ve ever used.
MOT86610,Motorola Projector Lite,1,Terrific purchase,"Amazing TV from Haier, great performance and design."
HAI20078,Haier Printer Elite,3,Average,Highly recommend this Smartwatch if you need 4K UHD.
BOU95292,Boult Washing Machine Max,1,Terrific purchase,Highly recommend this TV if you need fast charging.
ZEB36188,Zebronics Smartwatch Lite,1,Good,"Amazing Smartphone from Fujifilm, great performance and design."
MSI58637,MSI Monitor Plus,3,Average,Highly recommend this Washing Machine if you need water resistant.
LG11346,LG Monitor Elite,3,Poor,"Amazing Smartwatch from Oppo, great performance and design."
MOT24647,Motorola Laptop Pro,3,Excellent,"Amazing Projector from NoiseFit, great performance and design."
SAM30305,Samsung Headphones Ultra,5,Excellent,"Amazing Laptop from Voltas, great performance and design."
MI90513,Mi Camera Ultra,2,Excellent,Very durable and efficient. Love the OLED display.
HON98458,Honor Smartwatch Pro,5,Good,The Honor Headphones offers touch control and superb value for money.
CRO46863,CrossBeats Printer Ultra,4,Good,The Realwear Projector offers noise cancelling and superb value for money.
ITE96886,Itel Projector Plus,4,Good,One of the best Vivo Washing Machine I’ve ever used.
ASU91584,Asus Smartwatch X,2,Average,Very durable and efficient. Love the touch control.
XIA57065,Xiaomi Smartwatch Plus,4,Terrific purchase,Very durable and efficient. Love the 4K UHD.
XIA44986,Xiaomi Monitor Lite,2,Average,"Amazing Headphones from Realwear, great performance and design."
TOS30548,Toshiba Smartwatch Lite,4,Excellent,The TCL Earbuds offers touch control and superb value for money.
JBL65261,JBL TV Ultra,4,Average,Very durable and efficient. Love the noise cancelling.
TCL54079,TCL Smartphone Plus,2,Terrific purchase,One of the best Google Air Conditioner I’ve ever used.
REA41849,realme Earbuds Elite,4,Excellent,One of the best Vivo Speaker I’ve ever used.
AMA63859,AmazonBasics TV Pro,1,Average,The Dell Laptop offers 4K UHD and superb value for money.
COR55165,Corsair Refrigerator Ultra,4,Poor,The Logitech Camera offers Bluetooth and superb value for money.
LOG86420,Logitech Earbuds X,1,Good,"Amazing Washing Machine from AmazonBasics, great performance and design."
AMA53375,AmazonBasics Laptop Go,2,Terrific purchase,"Amazing Camera from realme, great performance and design."
JBL48366,JBL Smartphone Pro,5,Poor,Highly recommend this Earbuds if you need 4K UHD.
NIK12378,Nikon Smartphone X,2,Average,Very durable and efficient. Love the dual camera.
FUJ33774,Fujifilm Monitor Elite,3,Average,One of the best Fujifilm Gaming Console I’ve ever used.
APP96484,Apple Refrigerator Lite,1,Terrific purchase,One of the best Realwear Washing Machine I’ve ever used.
BLU84766,BlueStar Smartphone Prime,5,Excellent,Very durable and efficient. Love the Bluetooth.
FIR34891,Fire-Boltt Camera Prime,4,Poor,Highly recommend this Refrigerator if you need Bluetooth.
ACE96680,Acer TV Edge,5,Good,The Xiaomi Camera offers fast charging and superb value for money.
HP73863,HP Printer Lite,2,Poor,One of the best Fujifilm Refrigerator I’ve ever used.
MOT25119,Motorola Camera Prime,1,Poor,The MSI Air Conditioner offers smart assistant and superb value for money.
VIV92835,Vivo Gaming Console Pro,1,Terrific purchase,The POCO Gaming Console offers dual camera and superb value for money.
WHI34883,Whirlpool TV Ultra,2,Terrific purchase,The Xiaomi Headphones offers OLED display and superb value for money.
PHI83269,Philips Smartphone X,3,Average,Highly recommend this Refrigerator if you need smart assistant.
LOG33606,Logitech Printer Prime,3,Poor,One of the best LG Camera I’ve ever used.
LAV53481,Lava Washing Machine Elite,5,Average,The Noise TV offers 4K UHD and superb value for money.
MI94089,Mi TV Edge,1,Poor,Highly recommend this TV if you need long battery life.
FUJ84905,Fujifilm Washing Machine Lite,3,Terrific purchase,The Boult Camera offers OLED display and superb value for money.
REA23362,realme Smartphone Prime,1,Excellent,The CrossBeats Smartphone offers noise cancelling and superb value for money.
ONE71538,OnePlus Washing Machine Edge,2,Average,One of the best Motorola Washing Machine I’ve ever used.
MSI68616,MSI Laptop Elite,1,Poor,Highly recommend this Speaker if you need noise cancelling.
HP50342,HP Laptop Ultra,1,Average,Highly recommend this Washing Machine if you need 4K UHD.
ITE28522,Itel Washing Machine Pro,3,Excellent,Very durable and efficient. Love the wireless.
GOO22450,Google Refrigerator Edge,3,Good,"Amazing Headphones from Honor, great performance and design."
HIS52414,Hisense Air Conditioner Go,5,Terrific purchase,Highly recommend this Camera if you need dual camera.
NOI37924,Noise Smartphone Pro,1,Terrific purchase,One of the best Kent Tablet I’ve ever used.
LAV60078,Lava Smartwatch Edge,3,Average,Highly recommend this Printer if you need noise cancelling.
ACE95604,Acer Refrigerator Ultra,1,Average,One of the best Dell Alienware Washing Machine I’ve ever used.
BOA97194,boAt Tablet Edge,2,Poor,The Dell Alienware Gaming Console offers smart assistant and superb value for money.
HP64387,HP TV Max,3,Poor,The Corsair Laptop offers dual camera and superb value for money.
LG22651,LG Air Conditioner X,5,Good,Highly recommend this Refrigerator if you need OLED display.
XIA33960,Xiaomi Smartphone Go,3,Poor,The Godrej TV offers OLED display and superb value for money.
ONE95665,OnePlus Monitor Lite,1,Good,Highly recommend this Camera if you need touch control.
ITE56021,Itel Headphones Go,2,Average,"Amazing Gaming Console from Nokia, great performance and design."
HYP39629,HyperX Headphones Plus,2,Poor,Very durable and efficient. Love the smart assistant.
TCL62121,TCL Gaming Console X,2,Average,The Asus Smartwatch offers Bluetooth and superb value for money.
SON14715,Sony Earbuds Prime,3,Terrific purchase,The Canon Smartphone offers smart assistant and superb value for money.
TOS70958,Toshiba Headphones Edge,1,Poor,Very durable and efficient. Love the Bluetooth.
POC67298,POCO Printer Pro,5,Good,The Motorola Headphones offers noise cancelling and superb value for money.
JBL30464,JBL Projector Max,5,Poor,"Amazing Headphones from Noise, great performance and design."
ONE23418,OnePlus Earbuds Edge,3,Average,"Amazing Smartwatch from Logitech, great performance and design."
HAI25019,Haier TV Lite,1,Terrific purchase,One of the best Lava Headphones I’ve ever used.
GOO37049,Google Smartwatch Lite,1,Average,"Amazing Laptop from Haier, great performance and design."
JBL96856,JBL Refrigerator Pro,2,Poor,Very durable and efficient. Love the OLED display.
BOA93749,boAt Projector Prime,1,Good,The Toshiba Air Conditioner offers dual camera and superb value for money.
REA88242,realme Speaker Plus,2,Average,Very durable and efficient. Love the wireless.
TEC13237,Tecno Refrigerator Plus,4,Excellent,"Amazing TV from NoiseFit, great performance and design."
JBL93818,JBL TV Pro,1,Average,The Logitech Washing Machine offers noise cancelling and superb value for money.
BOA33228,boAt Gaming Console Prime,1,Poor,The Voltas Laptop offers 4K UHD and superb value for money.
IQO71089,iQOO Projector Prime,5,Poor,One of the best boAt Camera I’ve ever used.
OPP63326,Oppo Projector Max,3,Average,Very durable and efficient. Love the water resistant.
FUJ63970,Fujifilm Air Conditioner Lite,5,Excellent,Very durable and efficient. Love the Bluetooth.
NOI37599,Noise Monitor Prime,2,Good,Very durable and efficient. Love the 4K UHD.
MOT53215,Motorola Refrigerator X,4,Terrific purchase,Very durable and efficient. Love the wireless.
LAV83495,Lava Gaming Console Elite,4,Excellent,One of the best Syska Camera I’ve ever used.
HYP71293,HyperX Projector Edge,1,Average,Highly recommend this Earbuds if you need dual camera.
BLU78459,BlueStar Washing Machine Ultra,4,Poor,The JBL Headphones offers Bluetooth and superb value for money.
IQO40555,iQOO Washing Machine Pro,3,Excellent,One of the best Godrej Earbuds I’ve ever used.
COR64072,Corsair Tablet Pro,4,Good,"Amazing Printer from Canon, great performance and design."
PAN58634,Panasonic Monitor Elite,3,Good,"Amazing Tablet from Godrej, great performance and design."
KEN99786,Kent TV Prime,2,Poor,Highly recommend this Headphones if you need OLED display.
BOA82440,boAt Refrigerator Max,1,Good,Very durable and efficient. Love the Bluetooth.
VOL55275,Voltas Speaker Ultra,4,Good,The NoiseFit Smartwatch offers water resistant and superb value for money.
ZEB24211,Zebronics Earbuds Edge,4,Poor,The Philips Monitor offers touch control and superb value for money.
COR32287,Corsair Gaming Console Lite,4,Good,One of the best Godrej Gaming Console I’ve ever used.
FIR65932,Fire-Boltt Air Conditioner Prime,4,Good,"Amazing Gaming Console from Fujifilm, great performance and design."
TEC66303,Tecno Speaker Ultra,1,Terrific purchase,Very durable and efficient. Love the smart assistant.
VIV11787,Vivo Projector Ultra,4,Poor,One of the best MSI Printer I’ve ever used.
ASU69877,Asus Washing Machine Go,4,Average,The JBL Camera offers 4K UHD and superb value for money.
BOU31425,Boult Gaming Console Lite,3,Good,Very durable and efficient. Love the noise cancelling.
ASU75048,Asus TV Plus,4,Good,Very durable and efficient. Love the smart assistant.
NOI88670,Noise Tablet Pro,3,Terrific purchase,Highly recommend this Speaker if you need fast charging.
HON70664,Honor Smartwatch Pro,5,Terrific purchase,One of the best iQOO Smartwatch I’ve ever used.
ONE51021,OnePlus Refrigerator Max,2,Good,Very durable and efficient. Love the OLED display.
PHI35357,Philips Projector X,2,Terrific purchase,Very durable and efficient. Love the long battery life.
ONE18841,OnePlus Air Conditioner Lite,5,Terrific purchase,Highly recommend this Tablet if you need water resistant.
XIA62463,Xiaomi Smartphone Max,5,Good,The BlueStar Gaming Console offers Bluetooth and superb value for money.
SYS40419,Syska Speaker Edge,5,Terrific purchase,"Amazing Projector from Lava, great performance and design."
VOL85539,Voltas Projector Pro,3,Good,Highly recommend this Headphones if you need long battery life.
ASU45696,Asus Projector Ultra,2,Terrific purchase,"Amazing Tablet from Kent, great performance and design."
LOG88233,Logitech Monitor X,2,Average,Highly recommend this Air Conditioner if you need Bluetooth.
NOI11623,NoiseFit Tablet Max,1,Poor,One of the best Godrej Gaming Console I’ve ever used.
HYP20551,HyperX Monitor Lite,5,Terrific purchase,The HP Omen Camera offers noise cancelling and superb value for money.
HP 58368,HP Omen Projector Prime,3,Good,Highly recommend this Earbuds if you need fast charging.
MOT20884,Motorola Earbuds Elite,1,Good,"Amazing Refrigerator from Fujifilm, great performance and design."
ITE56286,Itel Laptop Plus,2,Excellent,"Amazing Headphones from Honor, great performance and design."
NOI81269,Noise Smartphone Ultra,2,Terrific purchase,Very durable and efficient. Love the 4K UHD.
LG87098,LG Washing Machine Ultra,3,Good,Very durable and efficient. Love the Bluetooth.
INF63735,Infinix Gaming Console Prime,1,Excellent,One of the best TCL Smartwatch I’ve ever used.
CAN59928,Canon Headphones Edge,5,Excellent,One of the best Syska Monitor I’ve ever used.
SON91945,Sony Refrigerator Go,3,Poor,Highly recommend this TV if you need Bluetooth.
HAV48782,Havells Earbuds Edge,2,Terrific purchase,"Amazing Monitor from HP, great performance and design."
NOI90578,NoiseFit Gaming Console Plus,3,Good,Highly recommend this Gaming Console if you need smart assistant.
KEN90080,Kent TV Edge,2,Excellent,"Amazing Speaker from Lava, great performance and design."
PHI83650,Philips Speaker Ultra,1,Excellent,The Sony Speaker offers noise cancelling and superb value for money.
GOD68356,Godrej Printer Max,5,Poor,Very durable and efficient. Love the touch control.
TEC29759,Tecno Air Conditioner Lite,3,Good,One of the best HP Refrigerator I’ve ever used.
REA51324,Realwear Gaming Console Prime,5,Poor,The BlueStar Printer offers OLED display and superb value for money.
ZEB25403,Zebronics Speaker Elite,4,Average,"Amazing Air Conditioner from Havells, great performance and design."
REA44542,realme Printer Prime,5,Excellent,One of the best Realwear Smartphone I’ve ever used.
LEN20058,Lenovo Speaker X,4,Average,The realme Smartwatch offers long battery life and superb value for money.
HAI50332,Haier Camera X,2,Terrific purchase,Highly recommend this Headphones if you need smart assistant.
LG51580,LG Air Conditioner Pro,5,Good,"Amazing Air Conditioner from Lava, great performance and design."
HON37647,Honor Washing Machine Elite,4,Good,Very durable and efficient. Love the dual camera.
BOA60618,boAt Speaker X,4,Excellent,Very durable and efficient. Love the touch control.
COR77918,Corsair Earbuds Plus,1,Terrific purchase,The OnePlus Washing Machine offers Bluetooth and superb value for money.
ITE41016,Itel Printer X,4,Poor,"Amazing Monitor from Infinix, great performance and design."
AMA92230,AmazonBasics Air Conditioner Prime,3,Average,"Amazing Refrigerator from Xiaomi, great performance and design."
REA44940,realme Printer Lite,5,Average,Highly recommend this Tablet if you need fast charging.
HP10929,HP Earbuds Elite,2,Good,The Godrej Headphones offers water resistant and superb value for money.
HON40663,Honor Printer Pro,5,Poor,"Amazing TV from NoiseFit, great performance and design."
VOL26788,Voltas Earbuds X,3,Poor,The Syska Gaming Console offers OLED display and superb value for money.
FUJ80689,Fujifilm Tablet Ultra,2,Poor,The JBL Projector offers water resistant and superb value for money.
REA56435,realme Projector Pro,5,Poor,One of the best Motorola Tablet I’ve ever used.
APP47509,Apple TV Ultra,5,Terrific purchase,Very durable and efficient. Love the fast charging.
VIV49130,Vivo Headphones Ultra,5,Excellent,Highly recommend this Laptop if you need noise cancelling.
ZEB36199,Zebronics Smartphone Go,3,Good,The Lava Washing Machine offers dual camera and superb value for money.
TOS61101,Toshiba Monitor Edge,3,Good,Very durable and efficient. Love the long battery life.
HON47328,Honor Smartwatch Go,1,Good,Highly recommend this Smartwatch if you need noise cancelling.
NIK63961,Nikon Speaker Max,4,Good,"Amazing TV from TCL, great performance and design."
REA65725,Realwear TV Elite,1,Poor,Highly recommend this Washing Machine if you need long battery life.
DEL83569,Dell Alienware Smartwatch Go,2,Average,"Amazing Camera from Apple, great performance and design."
NOI90218,NoiseFit Speaker Pro,3,Good,Highly recommend this Speaker if you need dual camera.
ASU77009,Asus Monitor Ultra,3,Excellent,"Amazing Smartwatch from Corsair, great performance and design."
FUJ55180,Fujifilm TV Edge,3,Average,Highly recommend this Printer if you need smart assistant.
BOU97311,Boult Printer X,5,Average,"Amazing Camera from Sony, great performance and design."
IQO48340,iQOO Printer Plus,2,Excellent,One of the best OnePlus Earbuds I’ve ever used.
LOG69114,Logitech Speaker Go,1,Excellent,Very durable and efficient. Love the wireless.
SYS82718,Syska Air Conditioner Lite,4,Poor,Very durable and efficient. Love the water resistant.
TEC33750,Tecno Projector Prime,2,Excellent,Very durable and efficient. Love the dual camera.
OPP45023,Oppo Laptop Go,4,Poor,Very durable and efficient. Love the water resistant.
REA99046,realme Refrigerator Ultra,1,Excellent,Highly recommend this Monitor if you need 4K UHD.
TEC38382,Tecno Laptop Ultra,2,Average,"Amazing Speaker from Panasonic, great performance and design."
BOU26056,Boult Laptop Max,5,Poor,Very durable and efficient. Love the Bluetooth.
HAI70640,Haier Projector Ultra,5,Poor,"Amazing Monitor from Noise, great performance and design."
INF87082,Infinix Refrigerator Prime,3,Average,The Acer Air Conditioner offers dual camera and superb value for money.
HON81815,Honor Printer Ultra,5,Poor,"Amazing Projector from OnePlus, great performance and design."
NOK88581,Nokia Camera Max,2,Excellent,"Amazing Gaming Console from Acer, great performance and design."
TEC16852,Tecno Gaming Console Pro,1,Average,The Godrej Speaker offers noise cancelling and superb value for money.
GOO33036,Google Tablet Edge,3,Average,Highly recommend this Smartwatch if you need fast charging.
KEN48486,Kent Laptop Edge,1,Good,"Amazing Projector from Haier, great performance and design."
REA23983,Realwear Smartwatch Prime,2,Good,Highly recommend this Camera if you need smart assistant.
COR25299,Corsair Printer X,3,Terrific purchase,Highly recommend this Tablet if you need dual camera.
SYS34184,Syska Monitor Elite,3,Average,"Amazing Printer from Hisense, great performance and design."
OPP97323,Oppo TV Pro,1,Average,Very durable and efficient. Love the noise cancelling.
BOA14744,boAt Projector Lite,2,Excellent,Very durable and efficient. Love the long battery life.
APP54763,Apple Smartphone Edge,1,Good,Highly recommend this Speaker if you need long battery life.
LG46583,LG Tablet Max,4,Poor,"Amazing Camera from Whirlpool, great performance and design."
INF24017,Infinix Washing Machine Elite,2,Excellent,"Amazing Printer from Lenovo, great performance and design."
HON84610,Honor Camera Edge,3,Terrific purchase,Highly recommend this Earbuds if you need smart assistant.
HAV53816,Havells Tablet Go,2,Average,Highly recommend this Refrigerator if you need smart assistant.
HAI27452,Haier Headphones Lite,5,Poor,Very durable and efficient. Love the fast charging.
ONE82429,OnePlus Headphones Go,1,Good,Highly recommend this Projector if you need Bluetooth.
ONE23883,OnePlus Printer Lite,1,Poor,One of the best Whirlpool Earbuds I’ve ever used.
NOK43002,Nokia Refrigerator X,4,Terrific purchase,One of the best Toshiba Camera I’ve ever used.
MOT70010,Motorola Camera Lite,4,Poor,Highly recommend this Refrigerator if you need fast charging.
LEN84293,Lenovo Tablet Ultra,2,Poor,One of the best Kent Gaming Console I’ve ever used.
CAN17954,Canon Projector Elite,5,Terrific purchase,"Amazing Monitor from Honor, great performance and design."
COR63473,Corsair Air Conditioner Pro,5,Good,The Canon Gaming Console offers 4K UHD and superb value for money.
DEL86734,Dell Air Conditioner Elite,5,Average,"Amazing Gaming Console from Asus, great performance and design."
INF52149,Infinix Smartwatch Prime,5,Terrific purchase,One of the best Panasonic Gaming Console I’ve ever used.
REA54115,realme Laptop Pro,3,Excellent,"Amazing Tablet from POCO, great performance and design."
ONE76208,OnePlus Air Conditioner Max,2,Average,"Amazing Laptop from OnePlus, great performance and design."
REA10063,realme Gaming Console Pro,2,Terrific purchase,The Samsung Refrigerator offers fast charging and superb value for money.
HON77475,Honor Laptop Max,5,Poor,"Amazing Printer from Hisense, great performance and design."
GOD74944,Godrej Projector Ultra,4,Average,The Mi Air Conditioner offers touch control and superb value for money.
MOT99128,Motorola Monitor Elite,1,Terrific purchase,One of the best Toshiba Smartwatch I’ve ever used.
CRO25087,CrossBeats Headphones Edge,1,Excellent,The Haier Monitor offers touch control and superb value for money.
KEN35133,Kent Gaming Console Max,1,Good,"Amazing Washing Machine from Honor, great performance and design."
VIV95314,Vivo TV Go,3,Good,Very durable and efficient. Love the water resistant.
MSI47109,MSI Air Conditioner Max,2,Terrific purchase,The BlueStar Laptop offers Bluetooth and superb value for money.
WHI35854,Whirlpool Laptop Edge,3,Average,Highly recommend this Headphones if you need dual camera.
NIK79972,Nikon Camera Lite,2,Poor,One of the best JBL Smartphone I’ve ever used.
HAI13064,Haier Printer X,2,Poor,Very durable and efficient. Love the dual camera.
REA84191,realme Air Conditioner Max,2,Poor,The OnePlus Earbuds offers dual camera and superb value for money.
KEN60751,Kent Refrigerator X,4,Good,The Hisense Laptop offers smart assistant and superb value for money.
BOU76263,Boult Smartwatch Max,3,Excellent,The Mi Refrigerator offers touch control and superb value for money.
ACE85341,Acer Speaker Pro,1,Average,"Amazing Printer from Kent, great performance and design."
GOD29843,Godrej Printer Prime,3,Poor,Highly recommend this Refrigerator if you need Bluetooth.
HIS79633,Hisense Air Conditioner Prime,1,Average,"Amazing Earbuds from Noise, great performance and design."
TOS77764,Toshiba Printer Go,4,Good,The TCL Air Conditioner offers fast charging and superb value for money.
BOU82469,Boult Smartwatch Go,4,Terrific purchase,Very durable and efficient. Love the smart assistant.
LAV92382,Lava Laptop Elite,2,Average,"Amazing TV from Hisense, great performance and design."
BOA86239,boAt Refrigerator Max,1,Poor,The Sony Headphones offers dual camera and superb value for money.
LOG68157,Logitech Headphones Plus,3,Excellent,One of the best Google Refrigerator I’ve ever used.
PHI59437,Philips Gaming Console Max,3,Average,Highly recommend this TV if you need water resistant.
HAI81290,Haier Printer Prime,3,Average,The Boult TV offers fast charging and superb value for money.
NOK36069,Nokia Printer Max,1,Poor,Highly recommend this Gaming Console if you need water resistant.
GOO40731,Google Laptop X,3,Terrific purchase,One of the best NoiseFit Laptop I’ve ever used.
SAM73964,Samsung Printer Ultra,1,Terrific purchase,One of the best Nikon Gaming Console I’ve ever used.
LOG17995,Logitech Washing Machine Go,2,Terrific purchase,Highly recommend this Washing Machine if you need 4K UHD.
APP55269,Apple Smartwatch Lite,5,Good,"Amazing Washing Machine from Motorola, great performance and design."
NOI20461,NoiseFit Printer Edge,5,Terrific purchase,Very durable and efficient. Love the dual camera.
MOT97640,Motorola Speaker Go,3,Average,One of the best Godrej Headphones I’ve ever used.
GOD11747,Godrej Smartwatch Max,1,Average,One of the best Fujifilm Gaming Console I’ve ever used.
SYS84276,Syska Printer Plus,1,Good,One of the best Honor Air Conditioner I’ve ever used.
TCL36300,TCL Smartphone Lite,1,Terrific purchase,Very durable and efficient. Love the Bluetooth.
ITE78219,Itel Headphones Go,1,Terrific purchase,The Apple Laptop offers wireless and superb value for money.
AMA52796,AmazonBasics Air Conditioner Pro,2,Excellent,One of the best Infinix Printer I’ve ever used.
WHI61201,Whirlpool Smartphone Prime,3,Good,"Amazing Monitor from Lava, great performance and design."
DEL93010,Dell Air Conditioner Go,4,Average,The Infinix Smartwatch offers dual camera and superb value for money.
MOT29594,Motorola Headphones Lite,4,Good,Very durable and efficient. Love the dual camera.
MOT53992,Motorola Gaming Console Elite,2,Good,The Oppo TV offers Bluetooth and superb value for money.
NOI48195,NoiseFit Air Conditioner Edge,3,Good,One of the best TCL TV I’ve ever used.
PHI37169,Philips Smartwatch Pro,5,Good,The Corsair Smartphone offers touch control and superb value for money.
DEL18387,Dell Alienware Smartphone Max,1,Average,Highly recommend this Headphones if you need smart assistant.
GOD26619,Godrej Monitor Ultra,5,Poor,The Hisense Tablet offers dual camera and superb value for money.
XIA60911,Xiaomi Washing Machine Edge,3,Good,One of the best Infinix Earbuds I’ve ever used.
BOA51479,boAt Smartphone Pro,5,Good,"Amazing Laptop from Toshiba, great performance and design."
HIS99493,Hisense TV Pro,5,Poor,The Xiaomi Laptop offers dual camera and superb value for money.
BOU73249,Boult Air Conditioner Pro,1,Terrific purchase,The Apple Gaming Console offers touch control and superb value for money.
PHI13618,Philips Monitor Max,2,Poor,Highly recommend this Refrigerator if you need OLED display.
PHI10550,Philips Camera Elite,2,Average,One of the best Motorola Laptop I’ve ever used.
GOO67959,Google Laptop X,5,Poor,Very durable and efficient. Love the fast charging.
NOI43055,NoiseFit TV X,4,Good,The CrossBeats Refrigerator offers smart assistant and superb value for money.
BOU40816,Boult Refrigerator X,2,Excellent,Very durable and efficient. Love the water resistant.
IQO17760,iQOO Refrigerator Prime,2,Poor,"Amazing Camera from HP Omen, great performance and design."
POC93257,POCO Tablet Plus,4,Poor,The Samsung Monitor offers long battery life and superb value for money.
HIS71375,Hisense Refrigerator Edge,1,Excellent,Highly recommend this Headphones if you need 4K UHD.
JBL29196,JBL Gaming Console Plus,5,Poor,Highly recommend this Smartphone if you need dual camera.
BOA29274,boAt Laptop X,1,Excellent,One of the best boAt Refrigerator I’ve ever used.
HIS18765,Hisense Washing Machine Elite,4,Good,Very durable and efficient. Love the 4K UHD.
HAV53352,Havells TV Ultra,1,Good,The Fujifilm Earbuds offers Bluetooth and superb value for money.
REA47868,realme Camera Plus,1,Poor,One of the best Boult Gaming Console I’ve ever used.
BOU93624,Boult TV Ultra,2,Average,One of the best Honor Laptop I’ve ever used.
PHI12721,Philips Washing Machine Lite,3,Poor,Highly recommend this Projector if you need touch control.
COR67416,Corsair Tablet Pro,2,Terrific purchase,"Amazing Smartwatch from Fujifilm, great performance and design."
APP59071,Apple TV Elite,2,Average,Highly recommend this TV if you need noise cancelling.
FUJ24264,Fujifilm Monitor Pro,2,Average,"Amazing Printer from Fujifilm, great performance and design."
SAM37123,Samsung Earbuds Max,5,Good,Highly recommend this Camera if you need long battery life.
LG68564,LG Monitor Max,4,Good,Very durable and efficient. Love the water resistant.
PAN39597,Panasonic Speaker Ultra,2,Good,The Realwear Laptop offers smart assistant and superb value for money.
MSI87563,MSI Smartphone Pro,3,Excellent,Very durable and efficient. Love the OLED display.
LAV54056,Lava Printer Ultra,3,Average,One of the best Vivo Smartphone I’ve ever used.
ASU84781,Asus Camera Go,3,Excellent,One of the best POCO TV I’ve ever used.
VIV21292,Vivo Smartphone Lite,4,Excellent,Very durable and efficient. Love the noise cancelling.
ITE29076,Itel Speaker Max,3,Excellent,Very durable and efficient. Love the OLED display.
OPP70788,Oppo Speaker Prime,4,Terrific purchase,One of the best Lava Laptop I’ve ever used.
TOS84369,Toshiba Monitor Edge,2,Excellent,Highly recommend this Tablet if you need fast charging.
TEC23032,Tecno Tablet Edge,1,Excellent,Highly recommend this Air Conditioner if you need wireless.
ACE22365,Acer Earbuds Lite,5,Excellent,Highly recommend this Monitor if you need dual camera.
MI19440,Mi Camera Plus,3,Excellent,Highly recommend this Printer if you need dual camera.
NOI33804,NoiseFit Smartwatch Elite,2,Excellent,"Amazing Washing Machine from Infinix, great performance and design."
IQO61733,iQOO Laptop X,4,Good,One of the best iQOO Earbuds I’ve ever used.
ASU90304,Asus Smartphone Max,5,Excellent,Highly recommend this Laptop if you need long battery life.
INF15738,Infinix Headphones Go,4,Terrific purchase,One of the best Lava Headphones I’ve ever used.
GOO50403,Google Headphones Prime,2,Excellent,"Amazing Smartphone from Haier, great performance and design."
LAV82509,Lava TV Ultra,5,Good,The HyperX Headphones offers water resistant and superb value for money.
HAV22039,Havells Earbuds Ultra,3,Terrific purchase,"Amazing TV from Zebronics, great performance and design."
NOI63963,Noise Camera Pro,5,Average,The HP Omen Washing Machine offers noise cancelling and superb value for money.
DEL51579,Dell Alienware Earbuds Max,4,Average,One of the best Apple Air Conditioner I’ve ever used.
NIK53476,Nikon Gaming Console Plus,1,Poor,"Amazing Printer from Dell Alienware, great performance and design."
HP70118,HP Gaming Console Max,2,Terrific purchase,One of the best JBL TV I’ve ever used.
PAN51709,Panasonic Air Conditioner Max,4,Terrific purchase,"Amazing Laptop from Oppo, great performance and design."
HP56736,HP Laptop Pro,1,Good,The boAt Projector offers touch control and superb value for money.
HIS92565,Hisense Speaker Prime,3,Terrific purchase,Very durable and efficient. Love the OLED display.
COR20131,Corsair Earbuds Pro,3,Good,"Amazing Washing Machine from Voltas, great performance and design."
LG29513,LG Air Conditioner Pro,3,Poor,Highly recommend this Camera if you need OLED display.
WHI99055,Whirlpool TV Go,4,Average,Very durable and efficient. Love the fast charging.
BLU43927,BlueStar Gaming Console Pro,3,Poor,One of the best Sony Gaming Console I’ve ever used.
GOD23818,Godrej Monitor Prime,3,Poor,"Amazing Tablet from Dell, great performance and design."
NIK62814,Nikon Projector Plus,2,Excellent,One of the best Boult Washing Machine I’ve ever used.
HP 85178,HP Omen Speaker Prime,2,Average,One of the best HyperX Smartphone I’ve ever used.
FIR20776,Fire-Boltt Gaming Console Prime,3,Average,"Amazing Refrigerator from Nokia, great performance and design."
TEC74363,Tecno Projector Ultra,1,Terrific purchase,One of the best Noise Laptop I’ve ever used.
HP 32122,HP Omen Air Conditioner Pro,5,Average,Highly recommend this Tablet if you need wireless.
POC37003,POCO Earbuds Max,4,Terrific purchase,One of the best Philips TV I’ve ever used.
DEL52364,Dell Alienware Tablet Plus,3,Excellent,Highly recommend this Camera if you need noise cancelling.
OPP10406,Oppo Projector Pro,5,Poor,Very durable and efficient. Love the touch control.
HP 95167,HP Omen Gaming Console Edge,4,Terrific purchase,The Sony Washing Machine offers smart assistant and superb value for money.
ACE12136,Acer Smartwatch Plus,4,Terrific purchase,Highly recommend this Refrigerator if you need touch control.
APP29030,Apple Earbuds Plus,5,Average,Highly recommend this Camera if you need 4K UHD.
LOG77712,Logitech Laptop Edge,3,Terrific purchase,"Amazing Camera from POCO, great performance and design."
KEN78796,Kent Headphones Prime,4,Excellent,Very durable and efficient. Love the OLED display.
TEC55446,Tecno Headphones Plus,4,Average,Highly recommend this Monitor if you need long battery life.
HAV49308,Havells Gaming Console Pro,5,Excellent,Highly recommend this Smartphone if you need touch control.
HIS24221,Hisense Camera Prime,1,Good,Highly recommend this Smartwatch if you need noise cancelling.
MOT80163,Motorola Monitor X,3,Terrific purchase,Highly recommend this Refrigerator if you need fast charging.
VIV73035,Vivo Monitor Max,5,Poor,One of the best Xiaomi Smartphone I’ve ever used.
MI55128,Mi Monitor Prime,1,Terrific purchase,The Motorola Air Conditioner offers noise cancelling and superb value for money.
HAI46150,Haier Camera X,4,Poor,"Amazing Monitor from Boult, great performance and design."
LOG71246,Logitech Washing Machine Lite,3,Good,Highly recommend this Refrigerator if you need wireless.
CAN57773,Canon Gaming Console Max,1,Terrific purchase,Highly recommend this Smartwatch if you need OLED display.
HON63107,Honor Camera Edge,1,Poor,The Philips Smartwatch offers dual camera and superb value for money.
TOS47492,Toshiba Speaker Go,2,Average,The Whirlpool Laptop offers dual camera and superb value for money.
ONE11810,OnePlus Gaming Console Edge,5,Average,Very durable and efficient. Love the dual camera.
ASU22214,Asus Washing Machine Lite,3,Terrific purchase,The BlueStar TV offers fast charging and superb value for money.
JBL57303,JBL Speaker Pro,1,Good,One of the best MSI Tablet I’ve ever used.
HON59295,Honor Headphones Ultra,1,Poor,Very durable and efficient. Love the long battery life.
INF56859,Infinix Headphones Plus,2,Excellent,Highly recommend this Headphones if you need dual camera.
BLU19423,BlueStar Printer Go,5,Excellent,Very durable and efficient. Love the smart assistant.
NOK37708,Nokia Speaker Pro,3,Excellent,Highly recommend this Earbuds if you need smart assistant.
TCL42738,TCL Air Conditioner Elite,1,Terrific purchase,Very durable and efficient. Love the Bluetooth.
TCL25460,TCL Projector Plus,3,Good,One of the best Mi Smartwatch I’ve ever used.
TOS15461,Toshiba Refrigerator Plus,4,Good,Highly recommend this Headphones if you need Bluetooth.
HP19185,HP Headphones Lite,2,Good,"Amazing Earbuds from Apple, great performance and design."
MOT15300,Motorola Tablet Prime,4,Excellent,Very durable and efficient. Love the smart assistant.
CRO58529,CrossBeats Printer Go,3,Terrific purchase,"Amazing Camera from Hisense, great performance and design."
APP17404,Apple Monitor Max,5,Poor,Highly recommend this Earbuds if you need dual camera.
LAV27810,Lava Headphones Elite,4,Poor,Highly recommend this Printer if you need OLED display.
SON87311,Sony Printer Prime,5,Poor,One of the best Noise Refrigerator I’ve ever used.
HP 12706,HP Omen Camera Ultra,1,Good,One of the best Apple Projector I’ve ever used.
TOS80330,Toshiba Earbuds Elite,4,Excellent,"Amazing Printer from TCL, great performance and design."
NOK39098,Nokia Smartwatch Elite,5,Poor,One of the best Boult Speaker I’ve ever used.
SAM71034,Samsung Refrigerator Elite,3,Excellent,One of the best Syska Speaker I’ve ever used.
ITE52655,Itel Smartphone Go,5,Terrific purchase,Highly recommend this TV if you need long battery life.
MSI48811,MSI Smartphone Pro,5,Terrific purchase,Highly recommend this Earbuds if you need 4K UHD.
HAV17580,Havells TV Ultra,1,Terrific purchase,Highly recommend this Gaming Console if you need long battery life.
NOK30853,Nokia Gaming Console Edge,1,Good,One of the best HyperX Camera I’ve ever used.
TEC15182,Tecno Speaker Prime,1,Poor,Highly recommend this Earbuds if you need touch control.
HAI14824,Haier Headphones Lite,2,Poor,One of the best Samsung Smartphone I’ve ever used.
HP 33781,HP Omen Monitor Go,2,Average,Very durable and efficient. Love the wireless.
BOA80419,boAt Tablet Edge,2,Terrific purchase,One of the best Zebronics Speaker I’ve ever used.
ITE25484,Itel Headphones Lite,2,Good,Very durable and efficient. Love the OLED display.
LEN69234,Lenovo Laptop Pro,5,Terrific purchase,Very durable and efficient. Love the long battery life.
MSI81095,MSI Washing Machine Prime,3,Terrific purchase,Highly recommend this Headphones if you need Bluetooth.
SAM60072,Samsung Tablet Lite,3,Poor,"Amazing Projector from Noise, great performance and design."
HAI52478,Haier Gaming Console Pro,4,Excellent,The Itel Smartphone offers water resistant and superb value for money.
ASU69349,Asus Laptop Edge,5,Good,The Toshiba Speaker offers wireless and superb value for money.
DEL12469,Dell Alienware Earbuds Go,3,Poor,Very durable and efficient. Love the fast charging.
NOI92497,NoiseFit Air Conditioner Max,4,Terrific purchase,One of the best Godrej Monitor I’ve ever used.
HIS83838,Hisense Smartphone Lite,3,Excellent,One of the best Samsung Smartwatch I’ve ever used.
HP57984,HP Headphones Lite,4,Excellent,One of the best JBL Refrigerator I’ve ever used.
NOI94691,Noise Laptop Prime,5,Poor,"Amazing Printer from Nikon, great performance and design."
APP82984,Apple Earbuds Ultra,2,Terrific purchase,"Amazing Monitor from Fujifilm, great performance and design."
VOL48014,Voltas Laptop Lite,5,Terrific purchase,Very durable and efficient. Love the water resistant.
BLU99217,BlueStar Tablet X,3,Terrific purchase,Very durable and efficient. Love the noise cancelling.
FIR33005,Fire-Boltt Printer Max,2,Poor,"Amazing Air Conditioner from Canon, great performance and design."
HAI46151,Haier TV Prime,5,Terrific purchase,Very durable and efficient. Love the water resistant.
BOU41113,Boult Smartwatch X,4,Good,The JBL Smartwatch offers long battery life and superb value for money.
REA94076,realme Gaming Console Pro,3,Good,Very durable and efficient. Love the touch control.
NIK97240,Nikon Headphones Ultra,2,Average,One of the best Tecno Printer I’ve ever used.
PHI97781,Philips Smartphone X,3,Good,One of the best Lava Air Conditioner I’ve ever used.
BOU93873,Boult Tablet Edge,2,Poor,Very durable and efficient. Love the smart assistant.
GOD25479,Godrej Refrigerator Edge,1,Excellent,One of the best Haier Camera I’ve ever used.
HON58105,Honor Printer Go,3,Excellent,"Amazing Headphones from Tecno, great performance and design."
HP 42029,HP Omen Projector Max,3,Good,The Corsair Air Conditioner offers 4K UHD and superb value for money.
GOD38561,Godrej Smartphone Elite,3,Terrific purchase,Highly recommend this Monitor if you need Bluetooth.
CAN42517,Canon Air Conditioner Plus,2,Good,One of the best Nikon Gaming Console I’ve ever used.
SAM72778,Samsung Headphones Plus,4,Poor,One of the best Infinix Tablet I’ve ever used.
HP21827,HP Gaming Console Max,2,Poor,The Havells Washing Machine offers dual camera and superb value for money.
HP 33315,HP Omen Refrigerator Prime,1,Average,The BlueStar Air Conditioner offers long battery life and superb value for money.
VIV21165,Vivo Smartphone X,5,Poor,One of the best Zebronics Earbuds I’ve ever used.
ONE89625,OnePlus Camera Elite,3,Good,One of the best Whirlpool Monitor I’ve ever used.
BLU63006,BlueStar Speaker Prime,4,Average,Highly recommend this Tablet if you need long battery life.
FUJ41094,Fujifilm Gaming Console Max,5,Poor,"Amazing Camera from Nikon, great performance and design."
HYP10999,HyperX TV Go,2,Terrific purchase,"Amazing Air Conditioner from Itel, great performance and design."
ZEB43097,Zebronics Washing Machine Go,1,Average,Highly recommend this Smartphone if you need noise cancelling.
SYS77560,Syska Smartphone Go,1,Good,Highly recommend this Air Conditioner if you need 4K UHD.
SAM79667,Samsung TV Elite,4,Average,"Amazing Monitor from Google, great performance and design."
DEL30586,Dell Alienware Smartwatch Lite,1,Average,"Amazing Camera from Itel, great performance and design."
HAV90555,Havells Earbuds Go,5,Terrific purchase,The Tecno Printer offers noise cancelling and superb value for money.
NOK94550,Nokia Laptop Edge,4,Terrific purchase,Highly recommend this Earbuds if you need wireless.
ZEB45405,Zebronics Monitor Max,1,Excellent,Very durable and efficient. Love the fast charging.
CAN57673,Canon Earbuds Max,3,Average,Highly recommend this Headphones if you need wireless.
NOI20152,NoiseFit Tablet Pro,1,Average,Very durable and efficient. Love the smart assistant.
TOS49026,Toshiba Smartphone Lite,4,Poor,Highly recommend this Camera if you need water resistant.
SON70959,Sony Refrigerator Pro,2,Good,The Voltas Earbuds offers dual camera and superb value for money.
WHI68845,Whirlpool Projector Lite,2,Good,Very durable and efficient. Love the touch control.
PAN92025,Panasonic Camera Go,4,Terrific purchase,"Amazing Printer from Nikon, great performance and design."
INF30379,Infinix Earbuds Plus,5,Average,"Amazing Tablet from Syska, great performance and design."
CRO76239,CrossBeats Earbuds Pro,1,Excellent,Very durable and efficient. Love the smart assistant.
MI44200,Mi Laptop Plus,2,Terrific purchase,"Amazing Tablet from Fujifilm, great performance and design."
COR46824,Corsair Air Conditioner Lite,4,Average,The Oppo Headphones offers dual camera and superb value for money.
NOI79067,Noise Air Conditioner Plus,5,Excellent,"Amazing Smartwatch from Haier, great performance and design."
NOI63366,Noise Speaker Plus,1,Average,Very durable and efficient. Love the Bluetooth.
PHI43226,Philips Headphones Max,1,Terrific purchase,Highly recommend this Monitor if you need water resistant.
HP 31450,HP Omen Projector Edge,5,Poor,Very durable and efficient. Love the wireless.
DEL67405,Dell Speaker Elite,3,Excellent,The LG Earbuds offers long battery life and superb value for money.
MI53423,Mi Headphones Pro,2,Excellent,The Tecno Speaker offers 4K UHD and superb value for money.
DEL66715,Dell Alienware Smartwatch Plus,5,Average,The Whirlpool Monitor offers long battery life and superb value for money.
POC40141,POCO Air Conditioner Edge,4,Average,One of the best realme Laptop I’ve ever used.
WHI98155,Whirlpool Camera Plus,4,Excellent,Very durable and efficient. Love the noise cancelling.
FUJ32239,Fujifilm Washing Machine Lite,3,Terrific purchase,Very durable and efficient. Love the 4K UHD.
GOD70382,Godrej Air Conditioner Edge,4,Terrific purchase,The JBL Laptop offers OLED display and superb value for money.
BOA16771,boAt Laptop Elite,5,Poor,One of the best Lenovo Projector I’ve ever used.
MOT90086,Motorola Monitor Edge,4,Excellent,Very durable and efficient. Love the long battery life.
ASU82726,Asus Tablet Plus,5,Good,The Motorola Smartphone offers 4K UHD and superb value for money.
HP46836,HP Smartwatch X,1,Good,The CrossBeats Laptop offers Bluetooth and superb value for money.
POC66571,POCO Refrigerator Edge,3,Good,One of the best Xiaomi Laptop I’ve ever used.
HAV20404,Havells Laptop Edge,3,Poor,The Haier Washing Machine offers OLED display and superb value for money.
ASU44237,Asus TV Plus,1,Poor,Highly recommend this Projector if you need touch control.
WHI90205,Whirlpool Air Conditioner Plus,2,Excellent,One of the best Samsung Speaker I’ve ever used.
ACE37655,Acer Smartwatch Ultra,4,Poor,Highly recommend this Printer if you need smart assistant.
FIR25820,Fire-Boltt TV Prime,2,Good,The JBL Laptop offers Bluetooth and superb value for money.
ONE21397,OnePlus Smartphone Pro,1,Good,"Amazing Refrigerator from CrossBeats, great performance and design."
BLU67281,BlueStar Air Conditioner Edge,1,Excellent,Very durable and efficient. Love the fast charging.
ONE17969,OnePlus Laptop Go,3,Terrific purchase,Highly recommend this Washing Machine if you need fast charging.
NOK53984,Nokia Air Conditioner Ultra,3,Terrific purchase,Very durable and efficient. Love the 4K UHD.
HYP53143,HyperX Gaming Console Ultra,5,Excellent,The Philips TV offers smart assistant and superb value for money.
ZEB85876,Zebronics Projector Go,2,Terrific purchase,One of the best Panasonic Smartphone I’ve ever used.
HIS76819,Hisense Smartphone Go,5,Poor,Highly recommend this Tablet if you need dual camera.
HP 42199,HP Omen Gaming Console Max,2,Average,"Amazing Camera from Godrej, great performance and design."
MSI81516,MSI Air Conditioner Ultra,5,Poor,"Amazing Camera from Canon, great performance and design."
HON58187,Honor Refrigerator Max,1,Excellent,"Amazing Tablet from Corsair, great performance and design."
VIV50470,Vivo Washing Machine Plus,3,Average,The OnePlus Headphones offers noise cancelling and superb value for money.
PAN71205,Panasonic Printer Edge,3,Good,Highly recommend this Projector if you need water resistant.
IQO62740,iQOO Laptop Go,3,Good,Very durable and efficient. Love the touch control.
BLU74504,BlueStar Gaming Console Lite,3,Poor,One of the best Xiaomi Speaker I’ve ever used.
WHI97203,Whirlpool Air Conditioner Prime,4,Excellent,Very durable and efficient. Love the Bluetooth.
REA84842,Realwear Camera Pro,3,Average,One of the best Vivo Earbuds I’ve ever used.
XIA86312,Xiaomi Refrigerator Ultra,3,Terrific purchase,One of the best Nokia Printer I’ve ever used.
BOU24527,Boult Air Conditioner X,1,Terrific purchase,Very durable and efficient. Love the Bluetooth.
ACE24728,Acer Monitor Pro,4,Average,"Amazing TV from Philips, great performance and design."
PHI67571,Philips TV Pro,3,Terrific purchase,"Amazing Refrigerator from realme, great performance and design."
BLU28411,BlueStar TV Elite,5,Excellent,Highly recommend this Laptop if you need OLED display.
ITE30241,Itel Smartwatch Elite,3,Poor,One of the best realme Laptop I’ve ever used.
ONE55629,OnePlus Projector Plus,1,Terrific purchase,One of the best Fujifilm Refrigerator I’ve ever used.
LG27338,LG Refrigerator Elite,5,Excellent,One of the best POCO Air Conditioner I’ve ever used.
PAN44346,Panasonic Smartwatch Elite,1,Average,Very durable and efficient. Love the fast charging.
HAV10157,Havells Headphones Go,2,Excellent,The iQOO Washing Machine offers touch control and superb value for money.
VIV49815,Vivo Camera Plus,2,Terrific purchase,Very durable and efficient. Love the water resistant.
HON40855,Honor Smartwatch Plus,4,Average,The HyperX Projector offers smart assistant and superb value for money.
ASU82823,Asus Gaming Console Max,4,Poor,Very durable and efficient. Love the 4K UHD.
BOU31184,Boult Camera Lite,1,Excellent,Highly recommend this Headphones if you need Bluetooth.
PHI61873,Philips Monitor Elite,5,Average,Very durable and efficient. Love the water resistant.
SON19852,Sony Printer Prime,3,Excellent,Very durable and efficient. Love the OLED display.
MI39838,Mi Smartwatch Max,5,Excellent,One of the best Nikon Refrigerator I’ve ever used.
REA83343,realme Smartwatch Plus,5,Terrific purchase,Very durable and efficient. Love the OLED display.
BLU65668,BlueStar Gaming Console Edge,1,Poor,Highly recommend this Headphones if you need wireless.
TEC81482,Tecno Smartwatch Go,3,Terrific purchase,The boAt Laptop offers Bluetooth and superb value for money.
PAN63957,Panasonic Smartphone Ultra,3,Terrific purchase,Highly recommend this Speaker if you need water resistant.
TOS39491,Toshiba Washing Machine Plus,2,Excellent,Highly recommend this Camera if you need long battery life.
ACE41239,Acer Refrigerator X,1,Excellent,"Amazing TV from Hisense, great performance and design."
MOT50412,Motorola Smartwatch Plus,4,Good,The Lava Tablet offers long battery life and superb value for money.
PHI90557,Philips Washing Machine Elite,1,Good,Highly recommend this Speaker if you need dual camera.
XIA69887,Xiaomi Refrigerator Ultra,5,Good,"Amazing Gaming Console from Havells, great performance and design."
OPP70201,Oppo Laptop Prime,2,Poor,One of the best Voltas Projector I’ve ever used.
ZEB94528,Zebronics Washing Machine Ultra,1,Poor,Highly recommend this Gaming Console if you need dual camera.
CAN56315,Canon TV Max,2,Poor,The CrossBeats Smartphone offers dual camera and superb value for money.
PAN36918,Panasonic Projector Prime,4,Excellent,The Zebronics Speaker offers touch control and superb value for money.
CAN72404,Canon Gaming Console Pro,1,Terrific purchase,Highly recommend this Speaker if you need smart assistant.
HAI51470,Haier Monitor Elite,1,Good,Highly recommend this Refrigerator if you need dual camera.
DEL52878,Dell Alienware Camera Pro,1,Terrific purchase,Very durable and efficient. Love the Bluetooth.
BOU44988,Boult Projector Prime,1,Good,The iQOO Smartphone offers fast charging and superb value for money.
SON29767,Sony Camera Go,5,Excellent,Highly recommend this Monitor if you need touch control.
TCL69658,TCL Speaker Lite,1,Excellent,The Whirlpool Air Conditioner offers fast charging and superb value for money.
IQO38720,iQOO Gaming Console Max,3,Excellent,Very durable and efficient. Love the smart assistant.
MSI97756,MSI Gaming Console Max,3,Good,One of the best HP Omen TV I’ve ever used.
LEN89413,Lenovo Air Conditioner Edge,2,Poor,One of the best Lava Projector I’ve ever used.
OPP89090,Oppo Monitor Lite,3,Poor,Highly recommend this Monitor if you need OLED display.
HP86742,HP Printer Elite,1,Poor,One of the best Hisense TV I’ve ever used.
PAN73769,Panasonic Earbuds Pro,1,Poor,Very durable and efficient. Love the long battery life.
HYP79509,HyperX Speaker Plus,4,Poor,One of the best Lenovo Projector I’ve ever used.
ACE37876,Acer Washing Machine Elite,5,Excellent,One of the best Syska Tablet I’ve ever used.
CAN63904,Canon TV Elite,4,Good,"Amazing Smartphone from Kent, great performance and design."
XIA81331,Xiaomi Air Conditioner Prime,1,Terrific purchase,The Philips Speaker offers noise cancelling and superb value for money.
GOO80162,Google Smartwatch Lite,5,Excellent,Very durable and efficient. Love the smart assistant.
XIA18050,Xiaomi Gaming Console X,1,Average,Highly recommend this Smartphone if you need dual camera.
NIK38457,Nikon Gaming Console Prime,4,Good,One of the best Honor Monitor I’ve ever used.
JBL17970,JBL Smartwatch Go,1,Terrific purchase,Very durable and efficient. Love the 4K UHD.
LAV11388,Lava Headphones X,1,Terrific purchase,"Amazing Camera from Honor, great performance and design."
ITE46609,Itel Smartphone Pro,1,Good,The Google Gaming Console offers long battery life and superb value for money.
ACE95729,Acer Air Conditioner Pro,5,Terrific purchase,One of the best Havells Camera I’ve ever used.
LAV64274,Lava Laptop Ultra,5,Good,One of the best Apple Washing Machine I’ve ever used.
LAV84856,Lava Projector Lite,3,Terrific purchase,Very durable and efficient. Love the touch control.
KEN97533,Kent Laptop Go,5,Average,Very durable and efficient. Love the water resistant.
APP33162,Apple Camera Max,4,Poor,Highly recommend this TV if you need noise cancelling.
ITE85777,Itel Tablet Pro,3,Average,Very durable and efficient. Love the OLED display.
HIS63516,Hisense Projector X,5,Good,"Amazing Smartwatch from Dell Alienware, great performance and design."
SYS30872,Syska Speaker Plus,4,Terrific purchase,"Amazing Smartphone from Fujifilm, great performance and design."
HP 57373,HP Omen Speaker Lite,2,Average,One of the best TCL Monitor I’ve ever used.
LEN94760,Lenovo Printer Go,2,Excellent,"Amazing Headphones from Hisense, great performance and design."
TCL24613,TCL Air Conditioner Plus,1,Average,One of the best boAt Smartphone I’ve ever used.
HIS26402,Hisense Gaming Console Ultra,2,Average,One of the best Boult Speaker I’ve ever used.
APP94171,Apple Projector Go,3,Average,Very durable and efficient. Love the water resistant.
APP91199,Apple Camera Elite,5,Poor,One of the best Motorola TV I’ve ever used.
HP 91833,HP Omen Earbuds Go,3,Good,The Nokia Headphones offers wireless and superb value for money.
COR41194,Corsair Smartphone Pro,3,Good,The POCO TV offers noise cancelling and superb value for money.
XIA15305,Xiaomi Washing Machine Go,4,Poor,One of the best Mi Printer I’ve ever used.
GOO75763,Google Smartphone Prime,4,Poor,The JBL Washing Machine offers long battery life and superb value for money.
DEL39321,Dell Alienware Smartwatch X,3,Good,One of the best Fire-Boltt Washing Machine I’ve ever used.
HP 27329,HP Omen Headphones Plus,4,Good,One of the best Acer Gaming Console I’ve ever used.
LOG84770,Logitech Refrigerator Max,4,Excellent,"Amazing Camera from Kent, great performance and design."
PHI17333,Philips Air Conditioner Max,2,Excellent,Very durable and efficient. Love the long battery life.
SAM28808,Samsung Speaker Pro,3,Good,Highly recommend this Projector if you need wireless.
KEN66927,Kent Earbuds Lite,5,Excellent,The Boult Projector offers long battery life and superb value for money.
HP 78744,HP Omen Speaker X,1,Terrific purchase,Highly recommend this Refrigerator if you need OLED display.
HIS71260,Hisense Tablet Ultra,2,Terrific purchase,One of the best OnePlus Laptop I’ve ever used.
APP42093,Apple Printer Elite,3,Excellent,Highly recommend this Speaker if you need wireless.
MI73252,Mi Gaming Console Max,3,Average,The Samsung Refrigerator offers fast charging and superb value for money.
ACE99955,Acer Projector Pro,1,Average,The Havells Smartphone offers long battery life and superb value for money.
APP86251,Apple TV Lite,3,Excellent,Very durable and efficient. Love the fast charging.
MSI91912,MSI Camera Lite,4,Excellent,The Voltas Laptop offers touch control and superb value for money.
GOO86713,Google Refrigerator Max,2,Good,Highly recommend this Washing Machine if you need touch control.
MSI55482,MSI Monitor Elite,5,Average,"Amazing Camera from JBL, great performance and design."
NIK89394,Nikon Smartwatch Ultra,5,Good,Highly recommend this TV if you need dual camera.
NIK18355,Nikon Camera Elite,4,Poor,"Amazing Refrigerator from Acer, great performance and design."
GOO60778,Google Camera Ultra,4,Excellent,One of the best AmazonBasics Gaming Console I’ve ever used.
FUJ90768,Fujifilm Monitor Prime,5,Terrific purchase,Highly recommend this Washing Machine if you need Bluetooth.
BOU31892,Boult Speaker Pro,2,Good,One of the best Panasonic Refrigerator I’ve ever used.
GOD67776,Godrej Smartwatch Lite,2,Poor,Highly recommend this Air Conditioner if you need fast charging.
ASU71296,Asus Laptop Elite,1,Poor,The Corsair Air Conditioner offers OLED display and superb value for money.
VOL65193,Voltas Monitor Pro,5,Excellent,"Amazing Projector from Fujifilm, great performance and design."
NIK16962,Nikon Headphones Elite,4,Good,One of the best Corsair Projector I’ve ever used.
GOO97606,Google Washing Machine Pro,2,Good,One of the best Godrej Projector I’ve ever used.
REA12462,Realwear Earbuds Edge,3,Good,The NoiseFit Laptop offers water resistant and superb value for money.
NOI32777,Noise Printer Lite,5,Poor,"Amazing Earbuds from iQOO, great performance and design."
HAV61932,Havells Gaming Console Plus,2,Average,Highly recommend this Refrigerator if you need Bluetooth.
LEN91775,Lenovo Smartphone Elite,3,Terrific purchase,Highly recommend this Printer if you need 4K UHD.
ACE60818,Acer Earbuds Ultra,3,Good,The Zebronics Headphones offers touch control and superb value for money.
ACE23517,Acer Camera Lite,4,Good,Highly recommend this Smartwatch if you need Bluetooth.
SON35683,Sony Gaming Console Lite,1,Average,Highly recommend this Projector if you need smart assistant.
HIS93551,Hisense TV Elite,2,Poor,Very durable and efficient. Love the 4K UHD.
KEN68278,Kent Laptop Max,2,Terrific purchase,Highly recommend this Smartphone if you need 4K UHD.
CAN58424,Canon Headphones Pro,5,Terrific purchase,The Panasonic TV offers 4K UHD and superb value for money.
COR14186,Corsair TV X,1,Poor,The Godrej Gaming Console offers OLED display and superb value for money.
LG64438,LG Projector Edge,4,Terrific purchase,One of the best Lenovo Earbuds I’ve ever used.
LG12689,LG Refrigerator Edge,1,Poor,One of the best CrossBeats Air Conditioner I’ve ever used.
WHI15584,Whirlpool Tablet Elite,4,Poor,"Amazing Gaming Console from Dell, great performance and design."
ITE92586,Itel Air Conditioner Pro,2,Terrific purchase,Very durable and efficient. Love the OLED display.
CAN10126,Canon Projector X,1,Poor,The MSI Air Conditioner offers OLED display and superb value for money.
FIR98060,Fire-Boltt Projector Max,5,Average,One of the best Toshiba Gaming Console I’ve ever used.
ZEB50450,Zebronics TV X,3,Average,"Amazing Speaker from Sony, great performance and design."
ONE39714,OnePlus Smartphone Go,2,Excellent,"Amazing Air Conditioner from OnePlus, great performance and design."
BOU88930,Boult Headphones Edge,5,Excellent,One of the best Vivo Printer I’ve ever used.
XIA97795,Xiaomi Smartphone Elite,5,Terrific purchase,"Amazing Gaming Console from Tecno, great performance and design."
GOD70275,Godrej Smartphone X,3,Average,Highly recommend this TV if you need Bluetooth.
REA80505,realme Refrigerator Elite,2,Average,"Amazing TV from Boult, great performance and design."
VIV92177,Vivo Washing Machine Plus,1,Terrific purchase,Highly recommend this Headphones if you need smart assistant.
HP 10740,HP Omen Smartwatch Ultra,2,Average,Very durable and efficient. Love the OLED display.
LEN48374,Lenovo Air Conditioner Pro,5,Average,Very durable and efficient. Love the dual camera.
INF80865,Infinix Projector Plus,3,Terrific purchase,Very durable and efficient. Love the dual camera.
HON58851,Honor TV Plus,2,Average,The iQOO Laptop offers wireless and superb value for money.
WHI16640,Whirlpool Camera Go,5,Excellent,Highly recommend this Tablet if you need touch control.
POC23451,POCO Projector Prime,2,Excellent,Highly recommend this Smartphone if you need long battery life.
ZEB43241,Zebronics Projector Pro,4,Poor,Very durable and efficient. Love the noise cancelling.
VOL71700,Voltas Tablet Edge,1,Terrific purchase,"Amazing Laptop from Voltas, great performance and design."
REA33528,Realwear Tablet Max,4,Poor,The MSI Smartwatch offers dual camera and superb value for money.
WHI72525,Whirlpool Washing Machine Go,5,Terrific purchase,The AmazonBasics Printer offers fast charging and superb value for money.
LEN73007,Lenovo Earbuds Elite,1,Good,"Amazing Laptop from realme, great performance and design."
AMA93127,AmazonBasics Printer Max,1,Terrific purchase,Very durable and efficient. Love the wireless.
WHI25056,Whirlpool Gaming Console Elite,5,Poor,The Zebronics Smartwatch offers dual camera and superb value for money.
SON89680,Sony Speaker Ultra,2,Average,Very durable and efficient. Love the smart assistant.
PAN83621,Panasonic Gaming Console Ultra,1,Excellent,One of the best Canon Laptop I’ve ever used.
HP57504,HP Headphones Prime,3,Good,The boAt Gaming Console offers long battery life and superb value for money.
INF87668,Infinix Monitor Prime,2,Excellent,"Amazing Projector from Hisense, great performance and design."
PAN99859,Panasonic Laptop Edge,2,Terrific purchase,"Amazing Smartphone from Panasonic, great performance and design."
JBL62958,JBL Smartwatch X,1,Average,One of the best Boult TV I’ve ever used.
CAN62723,Canon Monitor X,4,Average,"Amazing Smartwatch from HP, great performance and design."
ASU98410,Asus Speaker Edge,1,Excellent,Highly recommend this Headphones if you need noise cancelling.
HAV50476,Havells Laptop Pro,1,Good,One of the best TCL Printer I’ve ever used.
MSI84008,MSI Smartwatch Lite,5,Poor,Highly recommend this Smartphone if you need water resistant.
BOU67142,Boult Air Conditioner Prime,2,Poor,Very durable and efficient. Love the OLED display.
BOA53171,boAt Printer Edge,1,Terrific purchase,Very durable and efficient. Love the water resistant.
HON46317,Honor Speaker Plus,3,Good,"Amazing Monitor from Motorola, great performance and design."
AMA80845,AmazonBasics Smartwatch Ultra,5,Good,"Amazing Laptop from Logitech, great performance and design."
FUJ66266,Fujifilm Refrigerator Lite,2,Excellent,Very durable and efficient. Love the Bluetooth.
JBL77541,JBL Printer Lite,1,Terrific purchase,One of the best Realwear Smartwatch I’ve ever used.
NOI57930,Noise Tablet Prime,5,Excellent,One of the best Philips Monitor I’ve ever used.
HP 28637,HP Omen Washing Machine Go,3,Good,"Amazing Camera from Sony, great performance and design."
PAN61122,Panasonic Smartphone Lite,2,Average,Very durable and efficient. Love the dual camera.
HYP98065,HyperX Printer Ultra,2,Excellent,Very durable and efficient. Love the smart assistant.
ITE26729,Itel Camera Lite,1,Average,Highly recommend this Smartwatch if you need touch control.
PHI92774,Philips Washing Machine Elite,4,Good,Highly recommend this Tablet if you need smart assistant.
NOI62177,Noise Smartwatch Lite,2,Average,"Amazing Earbuds from Honor, great performance and design."
ZEB21530,Zebronics Washing Machine Max,1,Terrific purchase,Highly recommend this Smartphone if you need 4K UHD.
PAN57537,Panasonic Speaker Lite,1,Good,Highly recommend this Laptop if you need touch control.
LAV95845,Lava Smartwatch Elite,2,Average,One of the best iQOO Gaming Console I’ve ever used.
POC50427,POCO Refrigerator Edge,5,Average,One of the best JBL Headphones I’ve ever used.
OPP23908,Oppo Gaming Console X,2,Excellent,The Sony Washing Machine offers smart assistant and superb value for money.
LEN16876,Lenovo Camera Ultra,3,Average,The Hisense Earbuds offers 4K UHD and superb value for money.
HAV52048,Havells Refrigerator Ultra,2,Excellent,Very durable and efficient. Love the long battery life.
HIS79649,Hisense Printer Max,4,Terrific purchase,"Amazing TV from Oppo, great performance and design."
HAI39853,Haier Laptop Edge,5,Average,"Amazing Monitor from HP, great performance and design."
HP 35310,HP Omen Earbuds X,2,Poor,Very durable and efficient. Love the touch control.
GOO44908,Google Smartphone Max,1,Good,The Corsair Monitor offers smart assistant and superb value for money.
LAV28476,Lava Laptop Elite,1,Poor,The Corsair Gaming Console offers touch control and superb value for money.
LOG91470,Logitech Smartwatch Lite,3,Average,"Amazing Washing Machine from Vivo, great performance and design."
REA53386,Realwear Earbuds Prime,5,Terrific purchase,Very durable and efficient. Love the long battery life.
LAV74644,Lava Headphones Plus,3,Excellent,The Panasonic Camera offers 4K UHD and superb value for money.
NIK98152,Nikon Washing Machine Ultra,2,Excellent,The Realwear Headphones offers OLED display and superb value for money.
SON27333,Sony Laptop Edge,4,Excellent,Highly recommend this Projector if you need OLED display.
INF47686,Infinix Smartwatch Max,2,Excellent,One of the best Voltas Laptop I’ve ever used.
TEC53772,Tecno Gaming Console Pro,3,Poor,One of the best Oppo Smartwatch I’ve ever used.
NIK93729,Nikon Refrigerator Plus,3,Terrific purchase,One of the best HP Smartwatch I’ve ever used.
NIK91096,Nikon Gaming Console X,3,Terrific purchase,Highly recommend this Tablet if you need touch control.
BLU84195,BlueStar Laptop Go,5,Terrific purchase,Very durable and efficient. Love the OLED display.
ONE86498,OnePlus Gaming Console Ultra,4,Good,Very durable and efficient. Love the smart assistant.
SAM90695,Samsung Camera Pro,5,Poor,Very durable and efficient. Love the 4K UHD.
TOS11684,Toshiba Smartwatch Max,4,Good,Highly recommend this Refrigerator if you need Bluetooth.
PAN56976,Panasonic Tablet Pro,2,Good,The Godrej Laptop offers Bluetooth and superb value for money.
ITE89395,Itel Gaming Console Pro,5,Good,The AmazonBasics Smartphone offers wireless and superb value for money.
HIS49529,Hisense TV Plus,1,Excellent,The HyperX Smartwatch offers 4K UHD and superb value for money.
ZEB52192,Zebronics Monitor Go,4,Good,One of the best iQOO Smartphone I’ve ever used.
ACE19387,Acer Washing Machine X,1,Terrific purchase,The Samsung Earbuds offers water resistant and superb value for money.
FIR16587,Fire-Boltt Laptop Edge,5,Good,One of the best Logitech Tablet I’ve ever used.
SAM48559,Samsung Monitor Ultra,2,Terrific purchase,Very durable and efficient. Love the fast charging.
WHI44922,Whirlpool Speaker Edge,3,Terrific purchase,Highly recommend this Camera if you need wireless.
XIA83554,Xiaomi Speaker Prime,3,Average,One of the best Haier Printer I’ve ever used.
NOI40772,NoiseFit Smartwatch X,5,Poor,Very durable and efficient. Love the dual camera.
APP75468,Apple Projector Plus,2,Excellent,"Amazing Earbuds from CrossBeats, great performance and design."
TCL56498,TCL Smartphone Ultra,5,Poor,"Amazing Refrigerator from Nokia, great performance and design."
KEN81498,Kent TV Pro,2,Excellent,One of the best Infinix Headphones I’ve ever used.
HAI24334,Haier Smartphone Elite,4,Good,Highly recommend this Monitor if you need 4K UHD.
FIR69420,Fire-Boltt Headphones X,2,Terrific purchase,Very durable and efficient. Love the dual camera.
HYP54140,HyperX Smartphone Max,2,Excellent,Highly recommend this Projector if you need OLED display.
ACE35210,Acer Printer Prime,5,Poor,Highly recommend this Tablet if you need OLED display.
ITE47124,Itel Air Conditioner Go,3,Average,Highly recommend this Smartwatch if you need water resistant.
ZEB64707,Zebronics Camera Elite,3,Good,"Amazing Camera from AmazonBasics, great performance and design."
CAN76458,Canon Headphones Prime,4,Terrific purchase,One of the best Godrej Smartwatch I’ve ever used.
REA71788,realme Washing Machine Plus,1,Average,The OnePlus Refrigerator offers 4K UHD and superb value for money.
LG85506,LG Headphones Prime,3,Average,The Infinix Headphones offers water resistant and superb value for money.
PAN30371,Panasonic TV Max,3,Excellent,"Amazing TV from HP, great performance and design."
ONE39066,OnePlus Tablet Edge,3,Average,"Amazing Gaming Console from Corsair, great performance and design."
HP49943,HP Refrigerator Ultra,4,Poor,"Amazing Air Conditioner from MSI, great performance and design."
OPP20766,Oppo Refrigerator Edge,3,Poor,"Amazing Monitor from Toshiba, great performance and design."
TOS33569,Toshiba Refrigerator Lite,4,Good,One of the best Nokia Printer I’ve ever used.
HAI72219,Haier Refrigerator Pro,2,Average,"Amazing Monitor from HyperX, great performance and design."
HAV30069,Havells Earbuds X,3,Average,Very durable and efficient. Love the dual camera.
IQO86549,iQOO TV Max,1,Average,"Amazing Smartphone from Honor, great performance and design."
MI57351,Mi Headphones Go,5,Terrific purchase,One of the best Fujifilm Air Conditioner I’ve ever used.
ZEB86681,Zebronics Monitor Edge,3,Poor,The Realwear Smartwatch offers dual camera and superb value for money.
ITE75537,Itel Monitor X,5,Average,Highly recommend this Projector if you need noise cancelling.
REA87703,realme Smartphone Ultra,2,Terrific purchase,"Amazing TV from Haier, great performance and design."
ONE57116,OnePlus Smartphone Pro,3,Average,Highly recommend this Laptop if you need wireless.
TOS64089,Toshiba Projector Lite,3,Terrific purchase,The Godrej Earbuds offers wireless and superb value for money.
OPP72822,Oppo Refrigerator Ultra,2,Average,Very durable and efficient. Love the OLED display.
BLU82587,BlueStar Washing Machine X,2,Excellent,"Amazing Washing Machine from Godrej, great performance and design."
MI51853,Mi Gaming Console X,1,Excellent,The Google Smartphone offers dual camera and superb value for money.
HYP45494,HyperX Gaming Console Plus,5,Good,"Amazing Speaker from Mi, great performance and design."
FIR40871,Fire-Boltt Projector Go,1,Terrific purchase,"Amazing Speaker from Lava, great performance and design."
DEL38827,Dell Printer Plus,3,Excellent,"Amazing Air Conditioner from Samsung, great performance and design."
LOG30754,Logitech Tablet Prime,4,Good,The OnePlus Printer offers wireless and superb value for money.
HP 35111,HP Omen Washing Machine Pro,4,Excellent,Highly recommend this Projector if you need long battery life.
NOI89279,Noise Refrigerator Plus,5,Good,One of the best Nokia Projector I’ve ever used.
HON39626,Honor Laptop Go,2,Good,The Whirlpool Air Conditioner offers touch control and superb value for money.
TEC71759,Tecno Smartwatch Go,1,Terrific purchase,One of the best NoiseFit Smartphone I’ve ever used.
FUJ25767,Fujifilm Air Conditioner Plus,5,Excellent,One of the best HP Speaker I’ve ever used.
ITE64514,Itel Refrigerator Go,5,Excellent,Highly recommend this Smartphone if you need wireless.
PHI60710,Philips Laptop X,1,Average,Highly recommend this Laptop if you need wireless.
HYP31547,HyperX Gaming Console Prime,5,Poor,The HyperX Headphones offers long battery life and superb value for money.
SYS96640,Syska Smartphone Plus,1,Terrific purchase,"Amazing Speaker from realme, great performance and design."
NOI50803,Noise Smartphone Edge,4,Average,One of the best OnePlus Monitor I’ve ever used.
LAV15701,Lava Air Conditioner Go,4,Terrific purchase,"Amazing Earbuds from Dell Alienware, great performance and design."
ACE44180,Acer Refrigerator Max,2,Poor,Very durable and efficient. Love the smart assistant.
NOK76390,Nokia Smartphone Go,3,Terrific purchase,"Amazing Printer from Whirlpool, great performance and design."
HP25849,HP Tablet X,2,Poor,The Sony Gaming Console offers OLED display and superb value for money.
CRO64585,CrossBeats Washing Machine Ultra,1,Poor,Highly recommend this Smartphone if you need Bluetooth.
FUJ10554,Fujifilm Gaming Console Go,3,Excellent,The Dell Washing Machine offers 4K UHD and superb value for money.
LOG22478,Logitech Refrigerator Go,5,Poor,One of the best Panasonic Earbuds I’ve ever used.
APP15712,Apple Refrigerator Lite,1,Good,Highly recommend this Camera if you need fast charging.
FUJ26857,Fujifilm Earbuds Prime,1,Good,Highly recommend this Refrigerator if you need dual camera.
MI89190,Mi Projector Lite,1,Average,"Amazing Laptop from Tecno, great performance and design."
HAV74755,Havells Smartwatch Max,4,Good,Highly recommend this Smartwatch if you need 4K UHD.
CAN24554,Canon Headphones Pro,2,Good,Highly recommend this Camera if you need noise cancelling.
AMA99731,AmazonBasics Tablet Pro,2,Poor,The AmazonBasics Speaker offers touch control and superb value for money.
DEL15962,Dell Camera Pro,1,Terrific purchase,"Amazing Gaming Console from Tecno, great performance and design."
REA29830,realme TV Lite,5,Good,One of the best Canon Air Conditioner I’ve ever used.
NOI66882,NoiseFit Earbuds Lite,5,Terrific purchase,Highly recommend this Smartphone if you need noise cancelling.
NOI60247,Noise Camera Lite,2,Good,The Toshiba Washing Machine offers Bluetooth and superb value for money.
HON93982,Honor Monitor Ultra,5,Average,Very durable and efficient. Love the water resistant.
ITE74011,Itel Smartphone Elite,3,Poor,The Hisense Smartwatch offers OLED display and superb value for money.
BOU80040,Boult Camera Ultra,4,Average,The Itel Speaker offers 4K UHD and superb value for money.
HON50945,Honor TV Ultra,1,Good,One of the best Honor Tablet I’ve ever used.
VOL20804,Voltas Gaming Console Ultra,4,Good,"Amazing TV from Syska, great performance and design."
MSI83761,MSI Monitor Go,5,Terrific purchase,"Amazing Tablet from Canon, great performance and design."
SON95715,Sony Tablet X,1,Terrific purchase,The Kent Washing Machine offers wireless and superb value for money.
HON50697,Honor Camera Go,2,Poor,The Haier Monitor offers wireless and superb value for money.
HP 32267,HP Omen Smartphone Prime,5,Excellent,The Acer Speaker offers touch control and superb value for money.
